id,institution,issuer_key,product_name,top25_issuer,availability,state,requires_membership,secured,credit_tiers,min_tier,variable_rate,apr_no_score,apr_poor,apr_good,apr_great,apr_min,apr_median,apr_max,intro_apr,intro_months,bt_apr,bt_months,bt_fee_pct,bt_fee_min,cash_apr,cash_fee_pct,cash_fee_min,grace_days,annual_fee,monthly_fee,foreign_fee_pct,late_fee,rewards,other_rewards,features,website,report_date
1st-community-federal-credit-union-platinum-visa-card-with-and-without-rewards,1st Community Federal Credit Union,,Platinum Visa Card with and without Rewards.,false,National,,true,false,"{""1"",""2"",""3""}",1,false,,,,,,,,,,0.1495,12.0,,,0.0,,,25.0,0.0,0.0,0.01,25.0,"{""Cashback rewards""}",,"{""Contactless Payments"",""Chip card"",""Mobile wallet provisioning (for example, Apple Pay)""}",https://1cfcu.org/credit-cards/,2025-12-31
360-federal-credit-union-secure-classic,360 Federal Credit Union,,Secure Classic,false,National,,true,true,"{""0""}",0,false,,,,,,,,0.0399,3.0,,,,,0.1725,,5.0,25.0,0.0,0.0,0.01,,{},,"{""Chip card"",""Mobile wallet provisioning (for example, Apple Pay)""}",https: www.360fcu.org,2025-12-31
360-federal-credit-union-business-rewards,360 Federal Credit Union,,Business Rewards,false,National,,true,false,"{""3""}",3,false,,,,,,,,,,,,,,0.1625,,10.0,25.0,0.0,0.0,0.01,35.0,"{""Cashback rewards"",""Travel-related rewards"",""Other rewards""}",Merchandise and gift cards,"{""Chip card"",""Mobile wallet provisioning (for example, Apple Pay)""}",https: 360fcu.org,2025-12-31
360-federal-credit-union-platinum-reward,360 Federal Credit Union,,Platinum Reward,false,National,,true,false,"{""3""}",3,false,,,,,,,,0.0399,3.0,0.0399,3.0,,,0.165,,5.0,25.0,0.0,0.0,0.01,,"{""Cashback rewards"",""Travel-related rewards"",""Other rewards""}",Gift Cards and Purchase Merchandise,"{""Chip card"",""Mobile wallet provisioning (for example, Apple Pay)""}",https: 360fcu.org,2025-12-31
360-federal-credit-union-traditional-classic,360 Federal Credit Union,,Traditional Classic,false,National,,true,false,"{""2""}",2,false,,,,,0.0399,0.0399,0.0399,0.0399,3.0,0.0399,3.0,,,0.0399,,5.0,25.0,0.0,0.0,0.01,,{},,"{""Chip card"",""Mobile wallet provisioning (for example, Apple Pay)""}",http:www.360fcu.org,2025-12-31
achieve-financial-credit-union-platinum-rewards-visa,Achieve Financial Credit Union,,Platinum Rewards Visa,false,One State/Territory,CT,true,false,"{""1"",""2"",""3""}",1,false,,0.179,0.129,0.104,0.099,0.139,0.179,,,,,,,,,,25.0,0.0,0.0,0.01,25.0,"{""Other rewards""}","By Registering their credit cards for the ""UChoose Rewards"", they start earning 1 point for all purchases. Rewards can be redeemed for in-store and Online purchases at participating retailers.","{""Contactless Payments"",""Chip card"",""Mobile wallet provisioning (for example, Apple Pay)""}",www://achievefinancialcu.com,2025-12-31
advanced-financial-federal-credit-union-advanced-financial-fcu-everyday-rewards-,Advanced Financial Federal Credit Union,,Advanced Financial FCU Everyday Rewards Visa,false,National,,true,false,"{""2"",""3""}",2,true,,0.1624,0.1574,0.1474,0.1424,0.1524,0.1624,,,,,,,,0.01,,23.0,0.0,0.0,0.008,35.0,"{""Travel-related rewards"",""Other rewards""}",Points can be redeemed to purchase gift cards.  Points can be redeemed when making purchases on Amazon or when using PayPal.  Points can be redeemed for fuel purchases at BP Amoco,"{""Contactless Payments"",""Chip card"",""Mobile wallet provisioning (for example, Apple Pay)""}",https://www.advfinfcu.com,2025-12-31
alabama-state-employees-credit-union-credit-card-agreement-11-2024,Alabama State Employees Credit Union,,Credit Card Agreement 11-2024,false,National,,true,false,"{""1"",""2"",""3""}",1,false,,,,,,,,,,,,,,0.1299,,,21.0,0.0,0.0,0.01,25.0,"{""Cashback rewards"",""Travel-related rewards"",""Other rewards""}","We offer debit and CC rewards. There's not a list, the rewards site can be accessed through online banking for members that have a debit rewards account or a CC.","{""Contactless Payments"",""Chip card"",""Mobile wallet provisioning (for example, Apple Pay)""}",,2025-12-31
alcoa-community-federal-credit-union-platinum-visa,Alcoa Community Federal Credit Union,,Platinum Visa,false,One State/Territory,AR,false,false,"{""1"",""2"",""3""}",1,false,,0.1599,0.0999,0.0799,0.0799,0.0999,0.1599,,,,,,,,,,25.0,0.0,0.0,0.0,25.0,"{""Travel-related rewards"",""Other rewards""}",Merchandise rewards,"{""Chip card"",""Fee-free foreign transactions"",""Mobile wallet provisioning (for example, Apple Pay)""}",https://www.alcoacommunityfcu.org,2025-12-31
align-credit-union-align-visa,Align Credit Union,,Align Visa,false,Regional,,true,false,"{""0"",""1"",""2"",""3""}",0,true,0.1675,0.1675,0.1375,0.1175,0.1175,0.1375,0.1675,,12.0,,12.0,0.04,,,0.02,5.0,,0.0,0.0,0.02,,{},,"{""Contactless Payments"",""Mobile wallet provisioning (for example, Apple Pay)""}",https://www.aligncu.com/personal/loans-credit-cards/credit-cards,2025-12-31
allegius-federal-credit-union-visa-credit-card,Allegius Federal Credit Union,,Visa Credit Card,false,National,,true,false,"{""1"",""2"",""3""}",1,false,,0.1795,0.1295,0.0995,0.0995,0.1295,0.1795,,,,,,,,,,,0.0,0.0,0.01,15.0,{},,"{""Contactless Payments"",""Chip card"",""Mobile wallet provisioning (for example, Apple Pay)""}",,2025-12-31
altonized-community-federal-credit-union-altonized-community-federal-credit-unio,Altonized Community Federal Credit Union,,Altonized Community Federal Credit Union VISA Card,false,One State/Territory,IL,true,false,"{""0"",""1"",""2"",""3""}",0,false,,,,,,,,0.029,6.0,0.029,6.0,,,0.099,,,,0.0,0.0,0.0,25.0,"{""Cashback rewards"",""Travel-related rewards"",""Other rewards""}","Scorecard Rewards program through FIS.    Members earn points for dollars spent and can be redeemed for merchandise, gift cards, etc","{""Contactless Payments"",""Chip card""}",https://www.altonizedfcu.org,2025-12-31
america-first-federal-credit-union-visa-classic-standard-rate,America First Federal Credit Union,,Visa Classic Standard Rate,true,National,,true,false,"{""0"",""1"",""2"",""3""}",0,true,0.18,0.18,0.18,0.1619,0.1499,0.18,0.18,,,,,,,,0.015,,28.0,0.0,0.0,0.0,,"{""Travel-related rewards""}",,"{""Contactless Payments"",""Chip card"",""Mobile wallet provisioning (for example, Apple Pay)""}",https://www.americafirst.com/,2025-12-31
american-express-national-bank-marriott-bonvoy-bevy-american-express-card,American Express National Bank,AMERICAN_EXPRESS,Marriott Bonvoy Bevy™ American Express® Card,true,National,,false,false,"{""3""}",3,true,0.2899,,0.2924,0.2724,0.1949,0.2849,0.2924,,,,,,,0.2949,0.05,10.0,25.0,250.0,0.0,0.0,29.0,"{""Travel-related rewards""}",,"{""Contactless Payments"",""Chip card"",""Fee-free foreign transactions"",""Mobile wallet provisioning (for example, Apple Pay)""}",https://www.americanexpress.com/us/credit-cards/card/marriott-bonvoy-bevy/,2025-12-31
american-express-national-bank-the-charles-schwab-investor-credit-card-from-amer,American Express National Bank,AMERICAN_EXPRESS,The Charles Schwab Investor Credit Card® from American Express,true,National,,true,false,"{""3""}",3,true,0.2899,,0.2874,0.2299,0.1949,0.2474,0.2924,0.0,6.0,,,,,0.2924,0.05,10.0,25.0,0.0,0.0,0.027,29.0,"{""Cashback rewards""}",,"{""Contactless Payments"",""Chip card"",""Mobile wallet provisioning (for example, Apple Pay)""}",https://global.americanexpress.com/card-benefits/view-all/schwab-investor-credit-card,2025-12-31
american-express-national-bank-marriott-bonvoy-brilliant-american-express-card,American Express National Bank,AMERICAN_EXPRESS,Marriott Bonvoy Brilliant® American Express® Card,true,National,,false,false,"{""3""}",3,true,0.2924,,0.2924,0.2724,0.1949,0.2849,0.2924,,,,,,,0.2949,0.05,10.0,25.0,650.0,0.0,0.0,29.0,"{""Travel-related rewards""}",,"{""Contactless Payments"",""Chip card"",""Fee-free foreign transactions"",""Mobile wallet provisioning (for example, Apple Pay)""}",https://www.americanexpress.com/us/credit-cards/card/marriott-bonvoy-brilliant/,2025-12-31
american-express-national-bank-hilton-honors-american-express-aspire-card,American Express National Bank,AMERICAN_EXPRESS,Hilton Honors American Express Aspire Card,true,National,,false,false,"{""3""}",3,true,0.2899,,0.2899,0.2699,0.1949,0.2724,0.2924,,,,,,,0.2924,0.05,10.0,25.0,550.0,0.0,0.0,29.0,"{""Travel-related rewards""}",,"{""Contactless Payments"",""Chip card"",""Fee-free foreign transactions"",""Mobile wallet provisioning (for example, Apple Pay)""}",https://www.americanexpress.com/us/credit-cards/card/hilton-honors-aspire/,2025-12-31
american-express-national-bank-hilton-honors-american-express-surpass-card,American Express National Bank,AMERICAN_EXPRESS,Hilton Honors American Express Surpass® Card,true,National,,false,false,"{""3""}",3,true,0.2924,,0.2924,0.2674,0.1949,0.2699,0.2924,,,,,,,0.2924,0.05,10.0,25.0,150.0,0.0,0.0,29.0,"{""Travel-related rewards""}",,"{""Contactless Payments"",""Chip card"",""Fee-free foreign transactions"",""Mobile wallet provisioning (for example, Apple Pay)""}",https://www.americanexpress.com/us/credit-cards/card/hilton-honors-surpass/?eep=25330&linknav=US-Acq-Shop-Consumer-PDP-HiltonAspire-Prospect-click-filmstrip:hilton-honors-surpass,2025-12-31
american-express-national-bank-hilton-honors-american-express-card,American Express National Bank,AMERICAN_EXPRESS,Hilton Honors American Express Card,true,National,,false,false,"{""3""}",3,true,0.2899,,0.2899,0.2724,0.1949,0.2849,0.2924,,,,,,,0.2924,0.05,10.0,25.0,0.0,0.0,0.0,29.0,"{""Travel-related rewards""}",,"{""Contactless Payments"",""Chip card"",""Fee-free foreign transactions"",""Mobile wallet provisioning (for example, Apple Pay)""}",https://www.americanexpress.com/us/credit-cards/card/hilton-honors/?eep=25330&linknav=US-Acq-Shop-Consumer-PDP-HiltonSurpass-Prospect-click-filmstrip:hilton-honors,2025-12-31
american-express-national-bank-delta-skymiles-reserve-american-express-card,American Express National Bank,AMERICAN_EXPRESS,Delta SkyMiles® Reserve American Express Card,true,National,,false,false,"{""3""}",3,true,0.2899,,0.2899,0.2524,0.1949,0.2699,0.2924,,,,,,,0.2924,0.05,10.0,25.0,650.0,0.0,0.0,29.0,"{""Travel-related rewards""}",,"{""Contactless Payments"",""Chip card"",""Fee-free foreign transactions"",""Mobile wallet provisioning (for example, Apple Pay)""}",https://www.americanexpress.com/us/credit-cards/card-application/apply/prospect/terms/delta-skymiles-reserve-american-express-card/25330-10-0#offer-terms,2025-12-31
american-express-national-bank-delta-skymiles-platinum-american-express-card,American Express National Bank,AMERICAN_EXPRESS,Delta SkyMiles® Platinum American Express Card,true,National,,false,false,"{""3""}",3,true,0.2899,,0.2899,0.2649,0.1949,0.2699,0.2924,,,,,,,0.2924,0.05,10.0,25.0,350.0,0.0,0.0,29.0,"{""Travel-related rewards""}",,"{""Contactless Payments"",""Chip card"",""Fee-free foreign transactions"",""Mobile wallet provisioning (for example, Apple Pay)""}",https://www.americanexpress.com/us/credit-cards/card-application/apply/prospect/terms/delta-skymiles-platinum-american-express-card/25330-10-0#offer-terms,2025-12-31
american-express-national-bank-delta-skymiles-gold-american-express-card,American Express National Bank,AMERICAN_EXPRESS,Delta SkyMiles® Gold American Express Card,true,National,,false,false,"{""3""}",3,true,0.2899,,0.2899,0.2674,0.1949,0.2724,0.2924,,,,,,,0.2924,0.05,10.0,25.0,150.0,0.0,0.0,29.0,"{""Travel-related rewards""}",,"{""Contactless Payments"",""Chip card"",""Fee-free foreign transactions"",""Mobile wallet provisioning (for example, Apple Pay)""}",https://www.americanexpress.com/us/credit-cards/card-application/apply/prospect/terms/delta-skymiles-gold-american-express-card/25330-10-0#offer-terms,2025-12-31
american-express-national-bank-delta-skymiles-blue-american-express-card,American Express National Bank,AMERICAN_EXPRESS,Delta SkyMiles® Blue American Express Card,true,National,,false,false,"{""3""}",3,true,0.2899,,0.2899,0.2724,0.1949,0.2874,0.2924,,,,,,,0.2924,0.05,10.0,25.0,0.0,0.0,0.0,29.0,"{""Travel-related rewards""}",,"{""Contactless Payments"",""Chip card"",""Fee-free foreign transactions"",""Mobile wallet provisioning (for example, Apple Pay)""}",https://www.americanexpress.com/us/credit-cards/card-application/apply/prospect/terms/delta-skymiles-blue-american-express-card/25330-10-0#offer-terms,2025-12-31
american-express-national-bank-blue-cash-preferred-card,American Express National Bank,AMERICAN_EXPRESS,Blue Cash Preferred® Card,true,National,,false,false,"{""3""}",3,true,0.2899,,0.2899,0.2674,0.1824,0.2724,0.2924,0.0,12.0,0.0,12.0,0.03,5.0,0.2924,0.05,10.0,25.0,95.0,0.0,0.027,29.0,"{""Cashback rewards""}",,"{""Contactless Payments"",""Chip card"",""Mobile wallet provisioning (for example, Apple Pay)""}",https://www.americanexpress.com/us/credit-cards/card/blue-cash-preferred/?eep=25330&linknav=US-Acq-Shop-Consumer-VAC-Prospect-ViewCardDetail-BCP&intlink=US-Acq-Shop-Consumer-VAC-Top3Tile-Prospect-ViewCardDetail-BCP,2025-12-31
american-express-national-bank-blue-cash-everyday-card,American Express National Bank,AMERICAN_EXPRESS,Blue Cash Everyday® Card,true,National,,false,false,"{""3""}",3,true,0.2899,,0.2899,0.2699,0.1824,0.2849,0.2924,0.0,15.0,0.0,15.0,0.03,5.0,0.2924,0.05,10.0,25.0,0.0,0.0,0.027,29.0,"{""Cashback rewards""}",,"{""Contactless Payments"",""Chip card"",""Mobile wallet provisioning (for example, Apple Pay)""}",https://www.americanexpress.com/us/credit-cards/card/blue-cash-everyday/?eep=25330&linknav=US-Acq-Shop-Consumer-PDP-BCP-Prospect-click-filmstrip:blue-cash-everyday,2025-12-31
american-express-national-bank-centurion-card-from-american-express,American Express National Bank,AMERICAN_EXPRESS,Centurion® Card from American Express,true,National,,false,false,"{""3""}",3,true,,,,,0.1949,0.1999,0.2024,,,,,,,0.2924,0.05,10.0,25.0,5000.0,0.0,0.0,29.0,"{""Other rewards""}",Membership rewards,"{""Contactless Payments"",""Chip card"",""Fee-free foreign transactions"",""Mobile wallet provisioning (for example, Apple Pay)""}",https://www.centurion.com,2025-12-31
american-express-national-bank-the-platinum-card-from-american-express-for-charl,American Express National Bank,AMERICAN_EXPRESS,The Platinum Card® from American Express for Charles Schwab,true,National,,true,false,"{""3""}",3,true,0.2924,,0.2899,0.2474,0.1949,0.2499,0.2924,,,,,,,0.2924,0.05,10.0,25.0,895.0,0.0,0.0,29.0,"{""Other rewards""}",Membership rewards,"{""Contactless Payments"",""Chip card"",""Fee-free foreign transactions"",""Mobile wallet provisioning (for example, Apple Pay)""}",https://global.americanexpress.com/card-benefits/view-all/schwab-platinum-card,2025-12-31
american-express-national-bank-the-platinum-card-from-american-express-for-goldm,American Express National Bank,AMERICAN_EXPRESS,The Platinum Card® from American Express for Goldman Sachs,true,National,,true,false,"{""3""}",3,true,0.2924,,0.2874,0.2449,0.1949,0.2499,0.2924,,,,,,,0.2924,0.05,10.0,25.0,895.0,0.0,0.0,29.0,"{""Other rewards""}",Membership rewards,"{""Contactless Payments"",""Chip card"",""Fee-free foreign transactions"",""Mobile wallet provisioning (for example, Apple Pay)""}",https://global.americanexpress.com/card-benefits/view-all/goldman-platinum-card,2025-12-31
american-express-national-bank-the-platinum-card-from-american-express-exclusive,American Express National Bank,AMERICAN_EXPRESS,The Platinum Card® from American Express exclusively for Morgan Stanley,true,National,,true,false,"{""3""}",3,true,0.2899,,0.2899,0.2474,0.1949,0.2474,0.2924,,,,,,,0.2924,0.05,10.0,25.0,895.0,0.0,0.0,29.0,"{""Other rewards""}",Membership rewards,"{""Contactless Payments"",""Chip card"",""Fee-free foreign transactions"",""Mobile wallet provisioning (for example, Apple Pay)""}",https://global.americanexpress.com/card-benefits/view-all/morgan-stanley-platinum-card,2025-12-31
american-express-national-bank-the-platinum-card,American Express National Bank,AMERICAN_EXPRESS,The Platinum Card®,true,National,,false,false,"{""3""}",3,true,0.2899,,0.2899,0.2524,0.1949,0.2699,0.2924,,,,,,,0.2924,0.05,10.0,25.0,895.0,0.0,0.0,29.0,"{""Other rewards""}",Membership rewards,"{""Contactless Payments"",""Chip card"",""Fee-free foreign transactions"",""Mobile wallet provisioning (for example, Apple Pay)""}",https://www.americanexpress.com/us/credit-cards/card/platinum/,2025-12-31
american-express-national-bank-american-express-gold-card,American Express National Bank,AMERICAN_EXPRESS,American Express® Gold Card,true,National,,false,false,"{""3""}",3,true,0.2899,,0.2899,0.2724,0.1949,0.2874,0.2924,,,,,,,0.2924,0.05,10.0,25.0,325.0,0.0,0.0,29.0,"{""Other rewards""}",Membership rewards,"{""Contactless Payments"",""Chip card"",""Fee-free foreign transactions"",""Mobile wallet provisioning (for example, Apple Pay)""}",https://www.americanexpress.com/us/credit-cards/card/gold-card/,2025-12-31
american-express-national-bank-american-express-green-card,American Express National Bank,AMERICAN_EXPRESS,American Express® Green Card,true,National,,false,false,"{""3""}",3,true,0.2899,,0.2899,0.2674,0.1949,0.2849,0.2924,,,,,,,0.2924,0.05,10.0,25.0,150.0,0.0,0.0,29.0,"{""Other rewards""}",Membership rewards,"{""Contactless Payments"",""Chip card"",""Fee-free foreign transactions"",""Mobile wallet provisioning (for example, Apple Pay)""}",https://www.americanexpress.com/us/credit-cards/card/green/,2025-12-31
american-express-national-bank-morgan-stanley-blue-cash-preferred-american-expre,American Express National Bank,AMERICAN_EXPRESS,Morgan Stanley Blue Cash Preferred® American Express Card,true,National,,true,false,"{""3""}",3,true,0.2899,,0.2899,0.2499,0.1949,0.2674,0.2924,0.0,12.0,0.0,12.0,0.03,5.0,0.2924,0.05,10.0,25.0,95.0,0.0,0.027,29.0,"{""Cashback rewards""}",,"{""Contactless Payments"",""Chip card"",""Mobile wallet provisioning (for example, Apple Pay)""}",https://global.americanexpress.com/card-benefits/view-all/morgan-stanley-blue-cash-preferred,2025-12-31
apl-federal-credit-union-apl-fcu-classic-visa-card,Apl Federal Credit Union,,APL FCU CLASSIC VISA CARD,false,One State/Territory,MD,true,false,"{""2"",""3""}",2,true,,,,,0.0649,0.1049,0.18,,,,,,,0.1049,,,25.0,0.0,0.0,0.01,,{},,"{""Contactless Payments"",""Chip card"",""Mobile wallet provisioning (for example, Apple Pay)""}",https://www.aplfcu.org,2025-12-31
arkansas-best-federal-credit-union-abfcu-classic-credit-cards,Arkansas Best Federal Credit Union,,ABFCU Classic Credit cards,false,National,,true,false,"{""1"",""2"",""3""}",1,true,,0.165,0.145,0.1,0.1,0.115,0.18,,,,,,,,,,25.0,0.0,0.0,0.01,20.0,{},,"{""Contactless Payments"",""Chip card"",""Mobile wallet provisioning (for example, Apple Pay)""}",https://www.abfcu.org,2025-12-31
arkansas-federal-credit-union-platinum-classic,Arkansas Federal Credit Union,,Platinum Classic,false,National,,false,false,"{""1"",""2"",""3""}",1,true,,0.18,0.1604,0.1099,0.095,0.1604,0.18,,,,,0.03,,,0.03,,25.0,0.0,0.0,0.01,29.0,{},,"{""Contactless Payments"",""Chip card"",""Mobile wallet provisioning (for example, Apple Pay)""}",https://www.afcu.org,2025-12-31
associated-healthcare-credit-union-signature-rewards,Associated Healthcare Credit Union,,Signature Rewards,false,One State/Territory,MN,true,false,"{""2"",""3""}",2,true,0.1799,0.1799,0.1799,0.1599,0.1449,0.1699,0.1799,0.0299,6.0,,,0.02,10.0,0.02,0.02,10.0,,0.0,0.0,0.02,35.0,"{""Cashback rewards"",""Travel-related rewards"",""Other rewards""}","Merchandise, gift cards and charitable donations.","{""Contactless Payments"",""Chip card""}",https://www.ahcu.org,2025-12-31
associated-healthcare-credit-union-premier,Associated Healthcare Credit Union,,Premier,false,Regional,,true,false,"{""0"",""1"",""2"",""3""}",0,true,,,,,0.1299,0.1599,0.1799,0.0299,6.0,,,0.02,10.0,0.02,0.02,10.0,,0.0,0.0,0.02,35.0,{},,"{""Contactless Payments"",""Chip card""}",https://www.ahcu.org,2025-12-31
avadian-credit-union-signature-visa,Avadian Credit Union,,Signature Visa,false,One State/Territory,AL,false,false,"{""1"",""2"",""3""}",1,true,,0.0,0.0,0.0,0.0,0.0,0.0,,,0.0,0.0,0.03,5.0,,0.03,,22.0,0.0,0.0,0.02,25.0,"{""Cashback rewards"",""Travel-related rewards"",""Other rewards""}",Merchandise,"{""Contactless Payments"",""Chip card"",""Mobile wallet provisioning (for example, Apple Pay)""}",,2025-12-31
avadian-credit-union-visa-traditional-rewards,Avadian Credit Union,,Visa Traditional Rewards,false,One State/Territory,AL,false,false,"{""1"",""2"",""3""}",1,true,,0.0,0.0,0.0,0.0,0.0,0.0,,,0.0,0.0,0.03,,,0.03,5.0,22.0,0.0,0.0,0.02,25.0,"{""Cashback rewards"",""Travel-related rewards"",""Other rewards""}",Merchandise,"{""Contactless Payments"",""Chip card"",""Mobile wallet provisioning (for example, Apple Pay)""}",,2025-12-31
avadian-credit-union-secured-visa,Avadian Credit Union,,Secured Visa,false,One State/Territory,AL,false,true,"{""0"",""1"",""2"",""3""}",0,false,0.0,0.0,0.0,0.0,0.0,0.0,0.0,,,,,,,,0.03,,22.0,0.0,0.0,0.02,25.0,{},,"{""Contactless Payments"",""Chip card"",""Mobile wallet provisioning (for example, Apple Pay)""}",,2025-12-31
bangor-savings-bank-everblue-cash-back-plus-mastercard,Bangor Savings Bank,,everBlue Cash Back Plus Mastercard,false,Regional,,false,false,"{""2"",""3""}",2,true,0.0025,0.0025,0.0023,0.0019,0.0017,0.0019,0.0025,0.0,6.0,0.0,6.0,0.03,5.0,,0.05,10.0,25.0,0.0,0.0,0.0,29.0,"{""Cashback rewards""}",,"{""Contactless Payments"",""Chip card"",""Fee-free foreign transactions"",""Mobile wallet provisioning (for example, Apple Pay)"",""Other""}",https://www.BANGOR.COM/EVERBLUE,2025-12-31
bank-of-america-bankamericard-secured,"Bank Of America, National Association",BANK_OF_AMERICA,BankAmericard - Secured,true,National,,false,true,"{""1"",""2""}",1,true,,,,,0.2449,0.2499,0.2524,,,,,0.04,,0.2874,0.05,,25.0,0.0,0.0,0.03,29.0,{},,"{""Contactless Payments"",""Chip card"",""Mobile wallet provisioning (for example, Apple Pay)""}",https://www.bankofamerica.com,2025-12-31
bank-of-america-nea-rate-smart-card,"Bank Of America, National Association",BANK_OF_AMERICA,NEA Rate Smart Card,true,National,,false,false,"{""2"",""3""}",2,true,0.0999,0.0999,0.2324,0.1924,0.1424,0.2099,0.2424,0.0,18.0,0.0,18.0,0.04,,0.2824,0.05,,25.0,0.0,0.0,0.03,29.0,{},,"{""Contactless Payments"",""Chip card"",""Mobile wallet provisioning (for example, Apple Pay)""}",https://www.bankofamerica.com,2025-12-31
bank-of-america-cta-rate-smart-card,"Bank Of America, National Association",BANK_OF_AMERICA,CTA Rate Smart Card,true,National,,false,false,"{""2"",""3""}",2,true,0.0999,0.0999,0.0999,0.1774,0.1674,0.1774,0.2274,0.0,18.0,0.0,18.0,0.04,,0.2774,0.05,,25.0,0.0,0.0,0.03,29.0,{},,"{""Contactless Payments"",""Chip card"",""Mobile wallet provisioning (for example, Apple Pay)""}",https://www.bankofamerica.com,2025-12-31
bank-of-america-mta-rate-smart-card,"Bank Of America, National Association",BANK_OF_AMERICA,MTA Rate Smart Card,true,National,,false,false,"{""2"",""3""}",2,true,0.0999,0.0999,0.0999,0.2224,0.1349,0.2224,0.2349,0.0,18.0,0.0,18.0,0.04,,0.2849,0.05,,25.0,0.0,0.0,0.03,29.0,{},,"{""Contactless Payments"",""Chip card"",""Mobile wallet provisioning (for example, Apple Pay)""}",https://www.bankofamerica.com,2025-12-31
bank-of-america-celebrity-cruises-visa-signature,"Bank Of America, National Association",BANK_OF_AMERICA,Celebrity Cruises Visa Signature,true,National,,false,false,"{""2"",""3""}",2,true,0.2224,0.0999,0.2674,0.2024,0.1749,0.2074,0.2824,,,,,0.04,,0.2849,0.05,,25.0,0.0,0.0,0.0,29.0,"{""Travel-related rewards"",""Other rewards""}","Earn 2 points for every $1 spent on qualifying purchases with Celebrity Cruises® and our sister brands, Royal Caribbean® and Silversea®; Earn 1 point for every $1 spent on all other qualifying purchases","{""Contactless Payments"",""Chip card"",""Fee-free foreign transactions"",""Mobile wallet provisioning (for example, Apple Pay)""}",https://www.bankofamerica.com,2025-12-31
bank-of-america-norwegian-cruise-line-world-mastercard,"Bank Of America, National Association",BANK_OF_AMERICA,Norwegian Cruise Line World Mastercard,true,National,,false,false,"{""2"",""3""}",2,true,0.2524,0.0999,0.2699,0.2124,0.1749,0.2174,0.2824,,,,,0.04,,0.2874,0.05,,25.0,0.0,0.0,0.0,29.0,"{""Travel-related rewards"",""Other rewards""}","Earn 3 points per $1 spent on Norwegian Cruise Line eligible purchases, 2 points per $1 spent on eligible air and hotel purchases and 1 point per $1 spent on all other qualifying purchases; eligible for Bank of America Preferred Rewards®","{""Contactless Payments"",""Chip card"",""Fee-free foreign transactions"",""Mobile wallet provisioning (for example, Apple Pay)""}",https://www.bankofamerica.com,2025-12-31
bank-of-america-royal-caribbean-visa-signature,"Bank Of America, National Association",BANK_OF_AMERICA,Royal Caribbean Visa Signature,true,National,,false,false,"{""2"",""3""}",2,true,0.2474,0.0999,0.2699,0.2149,0.1749,0.2199,0.2824,,,,,0.04,,0.2849,0.05,,25.0,0.0,0.0,0.0,29.0,"{""Travel-related rewards"",""Other rewards""}","Earn 2 points for every $1 spent on qualifying purchases with Royal Caribbean® and our sister brands, Celebrity Cruises® and Silversea®; Earn 1 point for every $1 spent on all other qualifying purchases","{""Contactless Payments"",""Chip card"",""Fee-free foreign transactions"",""Mobile wallet provisioning (for example, Apple Pay)""}",https://www.bankofamerica.com,2025-12-31
bank-of-america-allways-rewards-visa,"Bank Of America, National Association",BANK_OF_AMERICA,Allways Rewards Visa,true,National,,false,false,"{""2"",""3""}",2,true,0.2624,0.0999,0.2749,0.2324,0.1949,0.2374,0.2824,,,,,0.04,,0.2849,0.05,,25.0,59.0,0.0,0.0,29.0,"{""Travel-related rewards"",""Other rewards""}","Earn 3 points per $1 spent on eligible Allegiant purchases, 2 points per $1 spent on qualifying dining purchases and 1 point per $1 spent on all other qualifying purchases","{""Contactless Payments"",""Chip card"",""Fee-free foreign transactions"",""Mobile wallet provisioning (for example, Apple Pay)""}",https://www.bankofamerica.com,2025-12-31
bank-of-america-free-spirit-travel-world-mastercard,"Bank Of America, National Association",BANK_OF_AMERICA,Free Spirit Travel World Mastercard,true,National,,false,false,"{""2"",""3""}",2,true,0.2725,0.0999,0.2774,0.2424,0.1949,0.2524,0.2824,,,,,0.04,,0.2824,0.05,,25.0,0.0,0.0,0.0,29.0,"{""Travel-related rewards"",""Other rewards""}","Earn 2 points per $1 spent on eligible Spirit Airlines purchases, and 1 point per $1 spent on all other qualifying purchases","{""Contactless Payments"",""Chip card"",""Fee-free foreign transactions"",""Mobile wallet provisioning (for example, Apple Pay)""}",https://www.bankofamerica.com,2025-12-31
bank-of-america-bank-of-america-customized-cash-rewards-secured,"Bank Of America, National Association",BANK_OF_AMERICA,Bank of America Customized Cash Rewards - Secured,true,National,,false,true,"{""1"",""2""}",1,true,,,,,0.2749,0.2799,0.2824,,,,,0.04,,0.2874,0.05,,25.0,0.0,0.0,0.03,29.0,"{""Cashback rewards"",""Other rewards""}","Earn 6% cash back for the first year from account opening in the category of your choice (3% thereafter); 2% cash back at grocery stores and wholesale clubs (on the first $2,500 in combined choice category/grocery store/wholesale club purchases each quart","{""Contactless Payments"",""Chip card"",""Mobile wallet provisioning (for example, Apple Pay)""}",https://www.bankofamerica.com,2025-12-31
bank-of-america-free-spirit-travel-more-world-elite-mastercard,"Bank Of America, National Association",BANK_OF_AMERICA,Free Spirit Travel More World Elite Mastercard,true,National,,false,false,"{""2"",""3""}",2,true,0.2549,0.0999,0.2774,0.2349,0.1949,0.2424,0.2824,,,,,0.04,,0.2824,0.05,,25.0,79.0,0.0,0.0,29.0,"{""Travel-related rewards"",""Other rewards""}","Earn 3 points per $1 spent on eligible Spirit Airlines purchases, 2 points per $1 spent on eligible dining and grocery store purchases and 1 point per $1 spent on all other qualifying purchases","{""Contactless Payments"",""Chip card"",""Fee-free foreign transactions"",""Mobile wallet provisioning (for example, Apple Pay)""}",https://www.bankofamerica.com,2025-12-31
bank-of-america-bank-of-america-travel-rewards-secured,"Bank Of America, National Association",BANK_OF_AMERICA,Bank of America Travel Rewards - Secured,true,National,,false,true,"{""1"",""2""}",1,true,,,,,0.2749,0.2799,0.2824,,,,,0.04,,0.2874,0.05,,25.0,0.0,0.0,0.0,29.0,"{""Travel-related rewards"",""Other rewards""}",Earn 1.5 points on purchases; eligible for Bank of America Preferred Rewards®,"{""Contactless Payments"",""Chip card"",""Fee-free foreign transactions"",""Mobile wallet provisioning (for example, Apple Pay)""}",https://www.bankofamerica.com,2025-12-31
bank-of-america-bank-of-america-unlimited-cash-rewards-secured,"Bank Of America, National Association",BANK_OF_AMERICA,Bank of America Unlimited Cash Rewards - Secured,true,National,,false,true,"{""1"",""2""}",1,true,,,,,0.2749,0.2799,0.2824,,,,,0.04,,0.2874,0.05,,25.0,0.0,0.0,0.03,29.0,"{""Cashback rewards"",""Other rewards""}",Earn unlimited 2% cash back for the first year from account opening (1.5% thereafter);  eligible for Bank of America Preferred Rewards®,"{""Contactless Payments"",""Chip card"",""Mobile wallet provisioning (for example, Apple Pay)""}",https://www.bankofamerica.com,2025-12-31
bank-of-america-sandals-visa-signature,"Bank Of America, National Association",BANK_OF_AMERICA,Sandals Visa Signature,true,National,,false,false,"{""2"",""3""}",2,true,0.0999,0.0999,0.2674,0.2124,0.1749,0.2174,0.2824,0.0,7.0,,,0.04,,0.2849,0.05,,25.0,0.0,0.0,0.0,29.0,"{""Travel-related rewards"",""Other rewards""}",Earn 4 points for every $1 spent on qualifying purchases at Sandals/Beaches Resorts. Earn 2 points on qualifying purchases at eligible Grocery and Dining; Earn 1 point for every $1 spent on all other qualifying purchases; eligible for Bank of America Pref,"{""Contactless Payments"",""Chip card"",""Fee-free foreign transactions"",""Mobile wallet provisioning (for example, Apple Pay)""}",https://www.bankofamerica.com,2025-12-31
bank-of-america-air-france-klm-world-elite-mastercard,"Bank Of America, National Association",BANK_OF_AMERICA,Air France KLM World Elite Mastercard,true,National,,false,false,"{""2"",""3""}",2,true,0.2624,0.0999,0.2749,0.2224,0.1949,0.2224,0.2824,,,,,0.04,,0.2824,0.05,,25.0,89.0,0.0,0.0,29.0,"{""Travel-related rewards"",""Other rewards""}","Earn 3 Miles for every $1 spent on qualifying purchases made directly with Air France, KLM Royal Dutch Airlines and SkyTeam member airlines; Earn 1.5 mile per $1 spent on all other qualifying purchases","{""Contactless Payments"",""Chip card"",""Fee-free foreign transactions"",""Mobile wallet provisioning (for example, Apple Pay)""}",https://www.bankofamerica.com,2025-12-31
bank-of-america-bank-of-america-customized-cash-rewards,"Bank Of America, National Association",BANK_OF_AMERICA,Bank of America Customized Cash Rewards,true,National,,false,false,"{""2"",""3""}",2,true,0.2574,0.2799,0.2624,0.2199,0.1749,0.2399,0.2824,0.0,15.0,0.0,15.0,0.04,,0.2874,0.05,,25.0,0.0,0.0,0.03,29.0,"{""Cashback rewards"",""Other rewards""}","Earn 6% cash back for the first year from account opening in the category of your choice (3% thereafter); 2% cash back at grocery stores and wholesale clubs (on the first $2,500 in combined choice category/grocery store/wholesale club purchases each quart","{""Contactless Payments"",""Chip card"",""Mobile wallet provisioning (for example, Apple Pay)""}",https://www.bankofamerica.com,2025-12-31
bank-of-america-bank-of-america-premium-rewards-elite,"Bank Of America, National Association",BANK_OF_AMERICA,Bank of America Premium Rewards Elite,true,National,,false,false,"{""2"",""3""}",2,true,0.2649,0.0999,0.2499,0.2024,0.1949,0.2024,0.2824,,,,,0.04,,0.2874,0.05,,25.0,550.0,0.0,0.0,29.0,"{""Cashback rewards"",""Travel-related rewards"",""Other rewards""}",Earn 2 points for every $1 spent on travel and dining purchases and 1.5 points for every $1 spent on all other purchases; eligible for Bank of America Preferred Rewards®,"{""Contactless Payments"",""Chip card"",""Fee-free foreign transactions"",""Mobile wallet provisioning (for example, Apple Pay)""}",https://www.bankofamerica.com,2025-12-31
bank-of-america-bank-of-america-premium-rewards,"Bank Of America, National Association",BANK_OF_AMERICA,Bank of America Premium Rewards,true,National,,false,false,"{""2"",""3""}",2,true,0.2574,0.2674,0.2624,0.2174,0.1949,0.2224,0.2824,,,,,0.04,,0.2874,0.05,,25.0,95.0,0.0,0.0,29.0,"{""Cashback rewards"",""Travel-related rewards"",""Other rewards""}",Earn 2 points for every $1 spent on travel and dining purchases and 1.5 points for every $1 spent on all other purchases; eligible for Bank of America Preferred Rewards®,"{""Contactless Payments"",""Chip card"",""Fee-free foreign transactions"",""Mobile wallet provisioning (for example, Apple Pay)""}",https://www.bankofamerica.com,2025-12-31
bank-of-america-bank-of-america-travel-rewards,"Bank Of America, National Association",BANK_OF_AMERICA,Bank of America Travel Rewards,true,National,,false,false,"{""2"",""3""}",2,true,0.2449,0.2574,0.2574,0.2174,0.1749,0.2224,0.2824,0.0,15.0,0.0,15.0,0.04,,0.2874,0.05,,25.0,0.0,0.0,0.0,29.0,"{""Travel-related rewards"",""Other rewards""}",Earn 1.5 points on purchases; eligible for Bank of America Preferred Rewards®,"{""Contactless Payments"",""Chip card"",""Fee-free foreign transactions"",""Mobile wallet provisioning (for example, Apple Pay)""}",https://www.bankofamerica.com,2025-12-31
bank-of-america-bank-of-america-unlimited-cash-rewards,"Bank Of America, National Association",BANK_OF_AMERICA,Bank of America Unlimited Cash Rewards,true,National,,false,false,"{""2"",""3""}",2,true,0.2574,0.2774,0.2674,0.2224,0.1749,0.2449,0.2824,0.0,15.0,0.0,15.0,0.04,,0.2874,0.05,,25.0,0.0,0.0,0.03,29.0,"{""Cashback rewards"",""Other rewards""}",Earn unlimited 2% cash back for the first year from account opening (1.5% thereafter); eligible for Bank of America Preferred Rewards®,"{""Contactless Payments"",""Chip card"",""Mobile wallet provisioning (for example, Apple Pay)""}",https://www.bankofamerica.com,2025-12-31
bank-of-america-bankamericard,"Bank Of America, National Association",BANK_OF_AMERICA,BankAmericard,true,National,,false,false,"{""2"",""3""}",2,true,0.2449,0.2524,0.2424,0.2074,0.1449,0.2224,0.2674,0.0,18.0,0.0,18.0,0.04,,0.2874,0.05,,25.0,0.0,0.0,0.03,29.0,{},,"{""Contactless Payments"",""Chip card"",""Mobile wallet provisioning (for example, Apple Pay)""}",https://www.bankofamerica.com,2025-12-31
bank-of-america-atmos-rewards-ascent-visa-signature,"Bank Of America, National Association",BANK_OF_AMERICA,Atmos Rewards Ascent Visa Signature,true,National,,false,false,"{""2"",""3""}",2,true,0.2424,0.0999,0.2749,0.2224,0.1949,0.2274,0.2824,,,,,0.04,,0.2824,0.05,,25.0,95.0,0.0,0.0,29.0,"{""Travel-related rewards"",""Other rewards""}","Earn 3 points for every $1 spent on eligible Alaska and Hawaiian Airlines purchases. Earn 2 points for every $1 spent on eligible gas, EV charging station, cable, streaming services and local transit, including rideshare purchases. Earn 1 point per $1 spe","{""Contactless Payments"",""Chip card"",""Fee-free foreign transactions"",""Mobile wallet provisioning (for example, Apple Pay)""}",https://www.bankofamerica.com,2025-12-31
bank-of-america-atmos-rewards-summit-visa-infinite,"Bank Of America, National Association",BANK_OF_AMERICA,Atmos Rewards Summit Visa Infinite,true,National,,false,false,"{""2"",""3""}",2,true,0.2275,0.0999,0.2499,0.2149,0.1949,0.2174,0.2824,,,,,0.04,,0.2824,0.05,,25.0,395.0,0.0,0.0,29.0,"{""Travel-related rewards"",""Other rewards""}","Earn 3 points for every $1 spent on eligible Alaska and Hawaiian Airlines purchases, dining and foreign purchases. Earn 1 point per $1 spent on all other purchases; eligible for 10% rewards  relationship bonus, 1 Atmos status point for every $2 in purchas","{""Contactless Payments"",""Chip card"",""Fee-free foreign transactions"",""Mobile wallet provisioning (for example, Apple Pay)""}",https://www.bankofamerica.com,2025-12-31
barclays-bank-delaware-barnes-noble-mastercard,Barclays Bank Delaware,BARCLAYS,Barnes & Noble Mastercard,true,National,,false,false,"{""2"",""3""}",2,true,,,0.2999,0.2599,0.1749,0.2624,0.2999,,,0.0,15.0,0.05,5.0,0.2987,0.05,10.0,23.0,0.0,0.0,0.03,29.0,"{""Cashback rewards"",""Other rewards""}",Other (Gift Card; Points; Premium Membership),"{""Chip card"",""Mobile wallet provisioning (for example, Apple Pay)""}",https://cards.barclaycardus.com,2025-12-31
barclays-bank-delaware-upromise-world-mastercard,Barclays Bank Delaware,BARCLAYS,UPromise World Mastercard,true,National,,false,false,"{""2"",""3""}",2,true,,,0.2574,0.1874,0.1849,0.2524,0.2999,,,0.0,15.0,0.05,5.0,0.2987,0.05,10.0,23.0,0.0,0.0,0.0,29.0,"{""Cashback rewards""}",,"{""Contactless Payments"",""Chip card"",""Fee-free foreign transactions"",""Mobile wallet provisioning (for example, Apple Pay)"",""Other""}",https://www.barclaycard.com,2025-12-31
barclays-bank-delaware-aarp-essential-rewards-mastercard-from-barclays,Barclays Bank Delaware,BARCLAYS,AARP Essential Rewards Mastercard from Barclays,true,National,,false,false,"{""2"",""3""}",2,true,,,0.2999,0.2599,0.2024,0.2574,0.2999,,,0.0,15.0,0.05,5.0,0.2999,0.05,10.0,23.0,0.0,0.0,0.03,28.0,"{""Cashback rewards"",""Other rewards""}","Other Rewards (Rewards Boost, Gift Cards & Merchandise)","{""Contactless Payments"",""Chip card"",""Mobile wallet provisioning (for example, Apple Pay)"",""Other""}",https://cards.barclaycardus.com/,2025-12-31
barclays-bank-delaware-aarp-travel-rewards-mastercard-from-barclays,Barclays Bank Delaware,BARCLAYS,AARP Travel Rewards Mastercard from Barclays,true,National,,false,false,"{""2"",""3""}",2,true,,,0.2999,0.2599,0.2024,0.2474,0.2999,,,0.0,15.0,0.05,5.0,0.2999,0.05,10.0,23.0,0.0,0.0,0.0,28.0,"{""Cashback rewards"",""Other rewards""}","Other Rewards (Rewards Boost, Gift Cards & Merchandise)","{""Contactless Payments"",""Chip card"",""Fee-free foreign transactions"",""Mobile wallet provisioning (for example, Apple Pay)"",""Other""}",https://cards.barclaycardus.com/,2025-12-31
barclays-bank-delaware-aadvantage-aviator-red-world-elite-mastercard,Barclays Bank Delaware,BARCLAYS,AAdvantage Aviator Red World Elite Mastercard,true,National,,false,false,"{""1"",""2"",""3""}",1,true,,0.2999,0.2999,0.2524,0.1999,0.2549,0.2999,,,0.0,15.0,0.05,5.0,0.2999,0.05,10.0,23.0,99.0,0.0,0.0,29.0,"{""Travel-related rewards"",""Other rewards""}","Other Rewards (wi-fi statement credit, food & beverage discount)","{""Contactless Payments"",""Chip card"",""Fee-free foreign transactions"",""Mobile wallet provisioning (for example, Apple Pay)"",""Other""}",https://cards.barclaycardus.com/,2025-12-31
barclays-bank-delaware-mastercard-titanium-card,Barclays Bank Delaware,BARCLAYS,Mastercard Titanium Card,true,National,,false,false,"{""2"",""3""}",2,true,,,0.2774,0.1974,0.1949,0.2562,0.2824,,,0.0,15.0,0.05,5.0,0.2987,0.05,10.0,23.0,299.0,0.0,0.0,29.0,"{""Cashback rewards"",""Travel-related rewards"",""Other rewards""}",Other Rewards (Gift cards and merch),"{""Chip card"",""Fee-free foreign transactions"",""Mobile wallet provisioning (for example, Apple Pay)"",""Other""}",https://cards.barclaycardus.com/,2025-12-31
barclays-bank-delaware-mastercard-gold-card,Barclays Bank Delaware,BARCLAYS,Mastercard Gold Card,true,National,,false,false,"{""2"",""3""}",2,true,,,0.2774,0.2549,0.1949,0.2562,0.2824,,,0.0,15.0,0.05,5.0,0.2987,0.05,10.0,23.0,1199.0,0.0,0.0,29.0,"{""Cashback rewards"",""Travel-related rewards"",""Other rewards""}",Other Rewards (Gift cards and Merch),"{""Chip card"",""Fee-free foreign transactions"",""Mobile wallet provisioning (for example, Apple Pay)"",""Other""}",https://cards.barclaycardus.com/,2025-12-31
barclays-bank-delaware-mastercard-black-card,Barclays Bank Delaware,BARCLAYS,Mastercard Black Card,true,National,,false,false,"{""2"",""3""}",2,true,,,0.2774,0.2549,0.1949,0.2565,0.2824,,,0.0,15.0,0.05,5.0,0.2987,0.05,10.0,23.0,699.0,0.0,0.0,29.0,"{""Cashback rewards"",""Travel-related rewards"",""Other rewards""}",Other Rewards (Gift cards and Merch),"{""Chip card"",""Fee-free foreign transactions"",""Mobile wallet provisioning (for example, Apple Pay)"",""Other""}",https://cards.barclaycardus.com/,2025-12-31
barclays-bank-delaware-frontier-airlines-world-mastercard,Barclays Bank Delaware,BARCLAYS,Frontier Airlines World Mastercard,true,National,,false,false,"{""2"",""3""}",2,true,,,0.2974,0.2524,0.1949,0.2524,0.2999,,,0.0,15.0,0.05,5.0,0.2987,0.05,10.0,23.0,99.0,0.0,0.0,29.0,"{""Travel-related rewards"",""Other rewards""}","Other Rewards (Family Pooling, Flight Voucher, Free Checked bags, seat upgrades)","{""Contactless Payments"",""Chip card"",""Fee-free foreign transactions"",""Mobile wallet provisioning (for example, Apple Pay)"",""Other""}",,2025-12-31
barclays-bank-delaware-hawaiian-world-elite-mastercard,Barclays Bank Delaware,BARCLAYS,Hawaiian World Elite Mastercard,true,National,,false,false,"{""2"",""3""}",2,true,,,0.2999,0.2024,0.1949,0.2524,0.2999,,,0.0,15.0,0.05,5.0,0.2987,0.05,10.0,23.0,99.0,0.0,0.0,29.0,"{""Travel-related rewards"",""Other rewards""}","Other Rewards (2 Free Checked Bags, One-time 50%-off Companion Discount, $100 Companion Discount)","{""Contactless Payments"",""Chip card"",""Fee-free foreign transactions"",""Mobile wallet provisioning (for example, Apple Pay)"",""Other""}",https://cards.barclaycardus.com/,2025-12-31
barclays-bank-delaware-jetblue-travel-mastercard,Barclays Bank Delaware,BARCLAYS,JetBlue Travel Mastercard,true,National,,false,false,"{""1"",""2"",""3""}",1,true,,0.3499,0.3499,0.3499,0.3499,0.3499,0.3499,,,0.0,12.0,0.05,5.0,0.3499,0.05,10.0,23.0,59.0,0.0,0.0,29.0,"{""Travel-related rewards"",""Other rewards""}","Other Rewards: 50% savings on inflight food and drink, $75 JB Vacation credit per calendar year, Points Pooling","{""Contactless Payments"",""Chip card"",""Fee-free foreign transactions"",""Mobile wallet provisioning (for example, Apple Pay)"",""Other""}",https://www.jetbluecard.com,2025-12-31
barclays-bank-delaware-jetblue-premier-mastercard,Barclays Bank Delaware,BARCLAYS,JetBlue Premier Mastercard,true,National,,false,false,"{""2"",""3""}",2,true,,,0.2974,0.2499,0.1999,0.2524,0.2999,,,0.0,12.0,0.05,5.0,0.2987,0.05,10.0,23.0,499.99,0.0,0.0,29.0,"{""Travel-related rewards"",""Other rewards""}","Other Rewards: Redeem points for statement credits, 10% redemption bonus, free first checked bag for you and up to 3 companions, 50% savings on inflight food and drink, $300 statement credit after minimum JetBlue Vacations package purchase, Priorty Pass S","{""Contactless Payments"",""Chip card"",""Fee-free foreign transactions"",""Mobile wallet provisioning (for example, Apple Pay)"",""Other""}",https://www.jetbluecard.com,2025-12-31
barclays-bank-delaware-jetblue-plus-mastercard,Barclays Bank Delaware,BARCLAYS,JetBlue Plus Mastercard,true,National,,false,false,"{""1"",""2"",""3""}",1,true,,0.2999,0.2999,0.2524,0.1949,0.2524,0.2999,,,0.0,12.0,0.05,5.0,0.2987,0.05,10.0,23.0,99.0,0.0,0.0,29.0,"{""Travel-related rewards"",""Other rewards""}","Other Rewards: Redeem points for statement credits, 10% redemption bonus, 5k anniversary bonus, free first checked bag for you and up to 3 companions, 50% savings on inflight food and drink, Apply card spend toward Mosaic status, $100 statement credit aft","{""Contactless Payments"",""Chip card"",""Fee-free foreign transactions"",""Mobile wallet provisioning (for example, Apple Pay)"",""Other""}",https://www.jetbluecard.com,2025-12-31
barclays-bank-delaware-jetblue-mastercard,Barclays Bank Delaware,BARCLAYS,JetBlue Mastercard,true,National,,false,false,"{""2"",""3""}",2,true,,0.2999,0.2999,0.2574,0.1949,0.2524,0.2999,,,0.0,12.0,0.05,5.0,0.2987,0.05,10.0,23.0,0.0,0.0,0.0,29.0,"{""Travel-related rewards"",""Other rewards""}","Other Rewards: 50% savings on inflight food and drink, Apply card spend toward Mosaic status","{""Contactless Payments"",""Chip card"",""Fee-free foreign transactions"",""Mobile wallet provisioning (for example, Apple Pay)"",""Other""}",https://www.jetbluecard.com,2025-12-31
barclays-bank-delaware-emirates-skywards-premium-world-elite-mastercard,Barclays Bank Delaware,BARCLAYS,Emirates Skywards Premium World Elite Mastercard,true,National,,false,false,"{""2"",""3""}",2,true,,,0.2999,0.2574,0.1949,0.2524,0.2999,,,0.0,12.0,0.05,5.0,0.2987,0.05,10.0,23.0,499.0,0.0,0.0,29.0,"{""Travel-related rewards"",""Other rewards""}","Other Rewards (Emirates Gold tier membership, Global Entry or TSA PreCheck application fee credit, 25% savings when buying or gifting Miles)","{""Contactless Payments"",""Chip card"",""Fee-free foreign transactions"",""Mobile wallet provisioning (for example, Apple Pay)"",""Other""}",,2025-12-31
barclays-bank-delaware-emirates-skywards-rewards-world-elite-mastercard,Barclays Bank Delaware,BARCLAYS,Emirates Skywards Rewards World Elite Mastercard,true,National,,false,false,"{""2"",""3""}",2,true,,,0.2999,0.2574,0.1949,0.2524,0.2999,,,0.0,12.0,0.05,5.0,0.2987,0.05,10.0,23.0,99.0,0.0,0.0,29.0,"{""Travel-related rewards"",""Other rewards""}","Other Rewards (Emirates Silver tier membership during 1st year, 25% savings when buying or gifting Miles)","{""Contactless Payments"",""Chip card"",""Fee-free foreign transactions"",""Mobile wallet provisioning (for example, Apple Pay)"",""Other""}",,2025-12-31
barclays-bank-delaware-miles-more-world-elite-mastercard,Barclays Bank Delaware,BARCLAYS,Miles & More World Elite Mastercard,true,National,,false,false,"{""2"",""3""}",2,true,,,0.2974,0.2499,0.1949,0.2524,0.2999,,,0.0,15.0,0.05,5.0,0.2987,0.05,10.0,23.0,89.0,0.0,0.0,29.0,"{""Travel-related rewards"",""Other rewards""}","Other Rewards (lounge access, companion ticket)","{""Contactless Payments"",""Chip card"",""Fee-free foreign transactions"",""Mobile wallet provisioning (for example, Apple Pay)"",""Other""}",https://cards.barclaycardus.com/,2025-12-31
barclays-bank-delaware-priceline-vip-rewards-visa-card,Barclays Bank Delaware,BARCLAYS,Priceline VIP Rewards Visa Card,true,National,,false,false,"{""2"",""3""}",2,true,,,0.2999,0.2024,0.1949,0.2599,0.2999,,,0.0,15.0,0.05,5.0,0.2999,0.05,10.0,23.0,0.0,0.0,0.0,29.0,"{""Cashback rewards"",""Travel-related rewards"",""Other rewards""}",Other Rewards (gift cards),"{""Contactless Payments"",""Chip card"",""Fee-free foreign transactions"",""Mobile wallet provisioning (for example, Apple Pay)""}",https://cards.barclaycardus.com/,2025-12-31
barclays-bank-delaware-holland-america-line-rewards-visa-card,Barclays Bank Delaware,BARCLAYS,Holland America Line Rewards Visa Card,true,National,,false,false,"{""2"",""3""}",2,true,,,0.2999,0.2624,0.1849,0.2624,0.2999,,,0.0,15.0,0.05,5.0,0.2987,0.05,10.0,23.0,0.0,0.0,0.0,29.0,"{""Travel-related rewards"",""Other rewards""}",Other Rewards (gift cards),"{""Contactless Payments"",""Chip card"",""Fee-free foreign transactions"",""Mobile wallet provisioning (for example, Apple Pay)""}",,2025-12-31
barclays-bank-delaware-princess-cruises-rewards-visa-card,Barclays Bank Delaware,BARCLAYS,Princess Cruises Rewards Visa Card,true,National,,false,false,"{""2"",""3""}",2,true,,,0.2999,0.2624,0.1849,0.2624,0.2999,,,0.0,15.0,0.05,5.0,0.2987,0.05,10.0,23.0,0.0,0.0,0.0,29.0,"{""Travel-related rewards"",""Other rewards""}",Other Rewards (gift cards),"{""Contactless Payments"",""Chip card"",""Fee-free foreign transactions"",""Mobile wallet provisioning (for example, Apple Pay)""}",https://cards.barclaycardus.com/,2025-12-31
barclays-bank-delaware-carnival-world-mastercard,Barclays Bank Delaware,BARCLAYS,Carnival World Mastercard,true,National,,false,false,"{""2"",""3""}",2,true,,,0.2999,0.2624,0.1849,0.2624,0.2999,,,0.0,15.0,0.05,5.0,0.2999,0.05,10.0,23.0,0.0,0.0,0.0,29.0,"{""Travel-related rewards"",""Other rewards""}","Other Rewards (10% back on shore exercision purchases and 0% promo APR for 6 mos on Carnival bookings, gift cards )","{""Contactless Payments"",""Chip card"",""Fee-free foreign transactions"",""Mobile wallet provisioning (for example, Apple Pay)"",""Other""}",,2025-12-31
barclays-bank-delaware-wyndham-rewards-earner-card,Barclays Bank Delaware,BARCLAYS,Wyndham Rewards Earner®  Card,true,National,,false,false,"{""2"",""3""}",2,true,,,,,0.1924,0.2524,0.2999,,,,,0.05,5.0,0.2987,0.05,10.0,23.0,0.0,0.0,0.0,29.0,"{""Travel-related rewards"",""Other rewards""}","Other Rewards (online shopping, gift cards)","{""Contactless Payments"",""Chip card"",""Fee-free foreign transactions"",""Mobile wallet provisioning (for example, Apple Pay)""}",https://cards.barclaycardus.com/,2025-12-31
barclays-bank-delaware-wyndham-rewards-earner-access-card,Barclays Bank Delaware,BARCLAYS,Wyndham Rewards Earner® Access Card,true,National,,false,false,"{""1"",""2"",""3""}",1,true,,,,,0.3349,0.3387,0.3424,,,,,0.05,5.0,0.3424,0.05,10.0,23.0,0.0,0.0,0.0,29.0,"{""Travel-related rewards""}",,"{""Contactless Payments"",""Chip card"",""Mobile wallet provisioning (for example, Apple Pay)""}",https://cards.barclaycardus.com/,2025-12-31
barclays-bank-delaware-wyndham-rewards-earner-plus-card,Barclays Bank Delaware,BARCLAYS,Wyndham Rewards Earner® Plus Card,true,National,,false,false,"{""2"",""3""}",2,true,,,0.2974,0.2499,0.1924,0.2524,0.2999,,,0.0,15.0,0.05,5.0,0.2987,0.05,10.0,23.0,75.0,0.0,0.0,29.0,"{""Travel-related rewards"",""Other rewards""}","Other Rewards (online shopping, gift cards, annual bonus points)","{""Contactless Payments"",""Chip card"",""Fee-free foreign transactions"",""Mobile wallet provisioning (for example, Apple Pay)""}",https://cards.barclaycardus.com/,2025-12-31
barclays-bank-delaware-wyndham-rewards-earner-card-2,Barclays Bank Delaware,BARCLAYS,Wyndham Rewards Earner®  Card,true,National,,false,false,"{""2"",""3""}",2,true,,,,,0.1924,0.2524,0.2999,,,,,0.05,5.0,0.2987,0.05,10.0,23.0,0.0,0.0,0.0,29.0,"{""Travel-related rewards"",""Other rewards""}","Other Rewards (online shopping, gift cards)","{""Contactless Payments"",""Chip card"",""Fee-free foreign transactions"",""Mobile wallet provisioning (for example, Apple Pay)""}",https://cards.barclaycardus.com/,2025-12-31
barclays-bank-delaware-bluegreen-rewards-mastercard,Barclays Bank Delaware,BARCLAYS,Bluegreen Rewards Mastercard,true,National,,false,false,"{""2"",""3""}",2,true,,,0.2924,0.2399,0.1924,0.2524,0.2999,,,,,0.03,5.0,0.2987,0.05,10.0,23.0,0.0,0.0,0.03,29.0,"{""Travel-related rewards"",""Other rewards""}","Other Rewards (0% promo APR for six months on Bluegreen purchases, online shopping, gift cards)","{""Contactless Payments"",""Chip card"",""Mobile wallet provisioning (for example, Apple Pay)"",""Other""}",,2025-12-31
barclays-bank-delaware-rci-elite-rewards-mastercard,Barclays Bank Delaware,BARCLAYS,RCI® Elite Rewards® Mastercard®,true,National,,false,false,"{""2"",""3""}",2,true,,,0.2999,0.2574,0.1924,0.2524,0.2999,,,0.0,15.0,0.05,5.0,0.2987,0.05,10.0,23.0,0.0,0.0,0.0,29.0,"{""Cashback rewards"",""Travel-related rewards"",""Other rewards""}",Other Rewards (RCI member rewards credit),"{""Contactless Payments"",""Chip card"",""Fee-free foreign transactions"",""Mobile wallet provisioning (for example, Apple Pay)"",""Other""}",https://cards.barclaycardus.com/,2025-12-31
barclays-bank-delaware-breeze-easy-visa-signature,Barclays Bank Delaware,BARCLAYS,Breeze Easy Visa Signature,true,National,,false,false,"{""2"",""3""}",2,true,,,0.2999,0.2499,0.1949,0.2524,0.2999,,,0.0,12.0,0.05,5.0,0.2987,0.05,10.0,23.0,89.0,0.0,0.0,29.0,"{""Travel-related rewards"",""Other rewards""}","Other Rewards - Inflight Wifi Access, One Way Bundle Upgrade after $15k spend, Priority Boarding, Anniversary Bonus after $10k spend","{""Contactless Payments"",""Chip card"",""Fee-free foreign transactions"",""Mobile wallet provisioning (for example, Apple Pay)""}",,2025-12-31
barclays-bank-delaware-mastercard-platinum,Barclays Bank Delaware,BARCLAYS,Mastercard - Platinum,true,National,,false,false,"{""2"",""3""}",2,true,,,0.2999,0.1999,0.1924,0.2524,0.2999,,,0.2524,12.0,0.05,10.0,0.2999,0.05,10.0,23.0,0.0,0.0,0.03,30.0,"{""Cashback rewards"",""Other rewards""}",Other (Game Pass Ultimate Rewards),"{""Contactless Payments"",""Chip card""}",,2025-12-31
barclays-bank-delaware-capital-vacations-world-mastercard,Barclays Bank Delaware,BARCLAYS,Capital Vacations World Mastercard,true,National,,false,false,"{""2"",""3""}",2,true,,,,,0.1924,0.2524,0.2999,,,0.0,15.0,0.05,5.0,0.2987,0.05,10.0,23.0,0.0,0.0,0.0,29.0,"{""Cashback rewards"",""Travel-related rewards"",""Other rewards""}","Other Rewards (First Purchase bonus reward, O% 15 months balance transfers within 45 days account opening,  stay certificate with $10k calendar year spend,first purchase bonus reward)","{""Contactless Payments"",""Chip card"",""Fee-free foreign transactions"",""Mobile wallet provisioning (for example, Apple Pay)"",""Other""}",https://cards.barclaycardus.com/,2025-12-31
barclays-bank-delaware-gm-rewards-mastercard,Barclays Bank Delaware,BARCLAYS,GM Rewards Mastercard,true,National,,false,false,"{""2"",""3""}",2,true,,0.3274,0.3274,0.2299,0.2224,0.2662,0.3299,0.2662,9.0,0.2662,9.0,0.05,5.0,0.3362,0.05,10.0,23.0,0.0,0.0,0.03,30.0,{},,"{""Other""}",https://cards.barclaycardus.com/,2025-12-31
barclays-bank-delaware-old-navy-mastercard,Barclays Bank Delaware,BARCLAYS,Old Navy Mastercard,true,National,,false,false,"{""2"",""3""}",2,true,,,,,0.3324,0.3362,0.3399,,,,,0.05,5.0,0.3362,0.05,10.0,23.0,0.0,0.0,0.03,30.0,"{""Other rewards""}","Store Point Rewards
First Purchase Discount","{""Contactless Payments"",""Chip card"",""Mobile wallet provisioning (for example, Apple Pay)""}",https://cards.barclaycardus.com/,2025-12-31
barclays-bank-delaware-gap-good-rewards-mastercard,Barclays Bank Delaware,BARCLAYS,Gap Good Rewards Mastercard,true,National,,false,false,"{""2"",""3""}",2,true,,,,,0.3324,0.3362,0.3399,,,,,0.05,5.0,0.3362,0.05,10.0,23.0,0.0,0.0,0.03,30.0,"{""Other rewards""}",Other Rewards (store point rewards & first purchase discount),"{""Contactless Payments"",""Chip card"",""Mobile wallet provisioning (for example, Apple Pay)""}",,2025-12-31
barclays-bank-delaware-banana-republic-rewards-mastercard,Barclays Bank Delaware,BARCLAYS,Banana Republic Rewards Mastercard,true,National,,false,false,"{""2"",""3""}",2,true,,,,,0.3324,0.3362,0.3399,,,,,0.05,5.0,0.3324,0.05,10.0,23.0,0.0,0.0,0.03,30.0,"{""Other rewards""}",Other Rewards (store point rewards & first purchase discount),"{""Contactless Payments"",""Chip card"",""Mobile wallet provisioning (for example, Apple Pay)""}",https://cards.barclaycardus.com/,2025-12-31
barclays-bank-delaware-athleta-rewards-mastercard,Barclays Bank Delaware,BARCLAYS,Athleta Rewards Mastercard,true,National,,false,false,"{""2"",""3""}",2,true,,,,,0.3324,0.3362,0.3399,,,,,0.05,5.0,0.3362,0.05,10.0,23.0,0.0,0.0,0.03,30.0,"{""Other rewards""}",Other Rewards (store point rewards & first purchase discount),"{""Contactless Payments"",""Chip card"",""Mobile wallet provisioning (for example, Apple Pay)""}",https://cards.barclaycardus.com/,2025-12-31
bellwether-community-credit-union-smart-rate-card,Bellwether Community Credit Union,,Smart Rate Card,false,Regional,,true,false,"{""1"",""2"",""3""}",1,true,,0.2312,0.1812,0.1312,0.1299,0.1499,0.2324,0.0199,12.0,0.0,12.0,0.04,,,0.04,,30.0,0.0,0.0,0.02,27.0,{},,"{""Contactless Payments"",""Chip card"",""Mobile wallet provisioning (for example, Apple Pay)""}",https://www.bccu.org,2025-12-31
bellwether-community-credit-union-smart-rewards-card,Bellwether Community Credit Union,,Smart Rewards Card,false,Regional,,true,false,"{""1"",""2"",""3""}",1,true,,0.2412,0.2012,0.1512,0.1499,0.2012,0.2524,,12.0,,12.0,0.04,,,,,25.0,0.0,0.0,0.02,,"{""Other rewards""}","Points program, 1/5% for every dollar spent, points may be used for travel, gift card purchases, select merchandise and retail","{""Contactless Payments"",""Chip card"",""Mobile wallet provisioning (for example, Apple Pay)""}",https://www.bccu.org,2025-12-31
blucurrent-credit-union-blucurrent-classic-card,Blucurrent Credit Union,,BluCurrent Classic Card,false,One State/Territory,MO,true,false,"{""0"",""1"",""2"",""3""}",0,false,,,,,0.139,0.139,0.139,,,,,,,0.139,,,30.0,0.0,0.0,0.01,15.0,{},,"{""Contactless Payments"",""Chip card"",""Mobile wallet provisioning (for example, Apple Pay)""}",https://www.blucurrent.org,2025-12-31
blucurrent-credit-union-blucurrent-platinum-card,Blucurrent Credit Union,,BluCurrent Platinum Card,false,One State/Territory,MO,true,false,"{""3""}",3,false,,,,,0.099,0.099,0.099,,,,,,,0.099,,,30.0,0.0,0.0,0.01,15.0,"{""Cashback rewards"",""Travel-related rewards"",""Other rewards""}",Merchandise,"{""Contactless Payments"",""Chip card"",""Mobile wallet provisioning (for example, Apple Pay)""}",https://www.blucurrent.org,2025-12-31
blue-ridge-bank-edge-consumer,"Blue Ridge Bank, National Association",,Edge Consumer,false,Regional,,true,false,"{""0"",""1"",""2"",""3""}",0,true,0.2349,0.2349,0.2049,0.1749,0.1749,0.2049,0.2349,0.0,12.0,0.0,12.0,0.03,10.0,0.2449,0.04,10.0,2.0,0.0,0.0,0.025,25.0,"{""Cashback rewards"",""Travel-related rewards"",""Other rewards""}","Gift Cards, Merchandise","{""Contactless Payments"",""Chip card"",""Mobile wallet provisioning (for example, Apple Pay)""}",https://www.mybrb.bank,2025-12-31
bluestone-federal-credit-union-visa-classic-credit-card,Bluestone Federal Credit Union,,Visa Classic Credit Card,false,Regional,,true,false,"{""1"",""2"",""3""}",1,true,,0.1525,0.1225,0.1025,0.1025,0.125,0.1525,,,,,,,,,,25.0,0.0,0.0,0.01,12.5,{},,"{""Contactless Payments"",""Chip card"",""Mobile wallet provisioning (for example, Apple Pay)""}",https://www.bluestonefcu.org/spend/credit-cards/,2025-12-31
boeing-employees-credit-union-becu-traditional-secured-consumer-credit-card,Boeing Employees' Credit Union,,BECU Traditional Secured Consumer Credit Card,true,National,,true,true,"{""0"",""1"",""2"",""3""}",0,true,0.2199,0.2374,0.2199,0.1624,0.1274,0.2199,0.2424,0.0,12.0,0.0,12.0,,,,,,23.0,0.0,0.0,0.0,25.0,"{""Other rewards""}",,"{""Contactless Payments"",""Chip card"",""Fee-free foreign transactions"",""Mobile wallet provisioning (for example, Apple Pay)""}",https://www.becu.org/everyday-banking/credit-card/secured-credit-card,2025-12-31
boeing-employees-credit-union-becu-traditional-consumer-credit-card,Boeing Employees' Credit Union,,BECU Traditional Consumer Credit Card,true,National,,true,false,"{""0"",""1"",""2"",""3""}",0,true,0.2174,0.1899,0.1599,0.1324,0.1274,0.1599,0.2424,0.0,12.0,0.0,12.0,,,,,,23.0,0.0,0.0,0.0,25.0,{},,"{""Contactless Payments"",""Chip card"",""Fee-free foreign transactions"",""Mobile wallet provisioning (for example, Apple Pay)""}",https://www.becu.org/everyday-banking/credit-card/low-rate-credit-card,2025-12-31
boeing-employees-credit-union-becu-cash-back-secured-consumer-credit-card,Boeing Employees' Credit Union,,BECU Cash Back Secured Consumer Credit Card,true,National,,true,true,"{""0"",""1"",""2"",""3""}",0,true,0.2599,0.2599,0.2574,0.1999,0.1674,0.2574,0.2624,,,,,,,,,,23.0,0.0,0.0,0.0,25.0,"{""Cashback rewards""}",,"{""Contactless Payments"",""Chip card"",""Fee-free foreign transactions"",""Mobile wallet provisioning (for example, Apple Pay)""}",https://www.becu.org/everyday-banking/credit-card/secured-credit-card,2025-12-31
boeing-employees-credit-union-becu-cash-back-consumer-credit-card,Boeing Employees' Credit Union,,BECU Cash Back Consumer Credit Card,true,National,,true,false,"{""0"",""1"",""2"",""3""}",0,true,0.2574,0.2399,0.2024,0.1699,0.1674,0.2024,0.2624,,,,,,,,,,23.0,0.0,0.0,0.0,25.0,"{""Cashback rewards""}",,"{""Contactless Payments"",""Chip card"",""Fee-free foreign transactions"",""Mobile wallet provisioning (for example, Apple Pay)""}",https://www.becu.org/everyday-banking/credit-card/cash-back-credit-card,2025-12-31
capital-credit-union-capital-credit-union-visa-credit-card,Capital Credit Union,,Capital Credit Union VISA Credit Card,false,One State/Territory,ND,true,false,"{""0"",""1"",""2"",""3""}",0,true,0.2299,0.2482,0.2099,0.1704,0.1549,0.2149,0.2749,,,,,,,,0.04,5.0,,0.0,0.0,0.02,27.0,"{""Cashback rewards""}",,"{""Contactless Payments"",""Chip card"",""Mobile wallet provisioning (for example, Apple Pay)""}",https://www.capcu.org/personal/cards/visa-credit-cards,2025-12-31
capital-one-bj-s-one-mastercard,"Capital One, National Association",CAPITAL_ONE,BJ's One + Mastercard,true,National,,true,false,"{""2"",""3""}",2,true,0.2924,0.2924,0.2924,0.1999,0.1899,0.2899,0.2924,,,,,0.03,,0.2924,0.05,5.0,25.0,0.0,0.0,0.0,29.0,"{""Other rewards""}",Points,"{""Contactless Payments"",""Chip card"",""Fee-free foreign transactions"",""Mobile wallet provisioning (for example, Apple Pay)""}",https://www.capitalone.com/credit-cards/,2025-12-31
capital-one-bj-s-one-mastercard-2,"Capital One, National Association",CAPITAL_ONE,BJ's One Mastercard,true,National,,true,false,"{""2"",""3""}",2,true,0.2924,0.2924,0.2924,0.1999,0.1899,0.2899,0.2924,,,,,0.03,,0.2924,0.05,5.0,25.0,0.0,0.0,0.0,29.0,"{""Other rewards""}",Points,"{""Contactless Payments"",""Chip card"",""Fee-free foreign transactions"",""Mobile wallet provisioning (for example, Apple Pay)""}",https://www.capitalone.com/credit-cards/,2025-12-31
capital-one-kohl-s-rewards-visa,"Capital One, National Association",CAPITAL_ONE,Kohl's Rewards Visa,true,National,,false,false,"{""2"",""3""}",2,true,,,,,0.2999,0.3024,0.3024,,,,,0.04,,0.3024,0.05,5.0,25.0,0.0,0.0,0.0,29.0,"{""Other rewards""}",Points,"{""Contactless Payments"",""Chip card"",""Fee-free foreign transactions"",""Mobile wallet provisioning (for example, Apple Pay)""}",https://www.capitalone.com/credit-cards/,2025-12-31
capital-one-nhl-discover-it-credit-card,"Capital One, National Association",CAPITAL_ONE,NHL® Discover It® Credit Card,true,National,,false,false,"{""2"",""3""}",2,true,0.2699,,0.2699,0.2474,0.1774,0.2699,0.2724,0.0,15.0,0.0,15.0,0.03,,0.2899,0.05,,25.0,0.0,0.0,0.0,0.0,"{""Cashback rewards"",""Other rewards""}","Refer A Friend -  Refer a friend and get a statement credit for each friend who becomes a cardmember.
Cashback Match - Get an unlimited dollar-for-dollar match of all the cash back you've earned at the end of your first year","{""Contactless Payments"",""Chip card"",""Fee-free foreign transactions"",""Mobile wallet provisioning (for example, Apple Pay)""}",https://www.discover.com/credit-cards/cash-back/nhl-card.html?ICMPGN=ALL_CC_NHL_CARD,2025-12-31
capital-one-discover-it-chrome-gas-restaurant-credit-card,"Capital One, National Association",CAPITAL_ONE,Discover it® Chrome Gas & Restaurant Credit Card,true,National,,false,false,"{""2"",""3""}",2,true,0.2724,,0.2674,0.2474,0.1649,0.2524,0.2924,0.0,6.0,0.0,18.0,0.03,,0.2924,0.05,,25.0,0.0,0.0,0.0,0.0,"{""Cashback rewards"",""Other rewards""}","Refer A Friend -  Refer a friend and get a statement credit for each friend who becomes a cardmember.
Cashback Match - Get an unlimited dollar-for-dollar match of all the cash back you've earned at the end of your first year","{""Contactless Payments"",""Chip card"",""Fee-free foreign transactions"",""Mobile wallet provisioning (for example, Apple Pay)""}",https://www.discover.com/credit-cards/cash-back/chrome.html?ICMPGN=ALL_CC_GAS_AND_RESTAURANT_CARD,2025-12-31
capital-one-discover-it-miles,"Capital One, National Association",CAPITAL_ONE,Discover It® Miles,true,National,,false,false,"{""2"",""3""}",2,true,0.2724,,0.2699,0.2524,0.1749,0.2674,0.2724,0.0,15.0,0.0,15.0,0.03,,0.2924,0.05,,25.0,0.0,0.0,0.0,0.0,"{""Travel-related rewards"",""Other rewards""}","Refer A Friend - Refer a friend and get a statement credit for each friend who becomes a cardmember.
Bonus Miles - Automatically match all the Miles you earn at the end of your first year","{""Contactless Payments"",""Chip card"",""Fee-free foreign transactions"",""Mobile wallet provisioning (for example, Apple Pay)""}",https://www.discover.com/credit-cards/travel/?ICMPGN=ALL_CC_TRAVEL_CARD,2025-12-31
capital-one-discover-it-student-chrome,"Capital One, National Association",CAPITAL_ONE,Discover It® Student Chrome,true,National,,true,false,"{""0"",""2"",""3""}",0,true,0.2474,,0.2399,0.1724,0.1674,0.2424,0.2724,0.0,6.0,0.1099,6.0,0.03,,0.2924,0.05,,25.0,0.0,0.0,0.0,0.0,"{""Cashback rewards"",""Other rewards""}","Student Sign-Up Bonus - statement credit after the first purchase in the first 3 months 
Refer A Friend -  Refer a friend and get a statement credit for each friend who becomes a cardmember.
Cashback Match - Get an unlimited dollar-for-dollar match of all","{""Contactless Payments"",""Chip card"",""Fee-free foreign transactions"",""Mobile wallet provisioning (for example, Apple Pay)""}",https://www.discover.com/credit-cards/student-credit-card/chrome-card.html?ICMPGN=ALL_CC_STUDENT_CHROME_CARD,2025-12-31
capital-one-discover-it-student-cash-back,"Capital One, National Association",CAPITAL_ONE,Discover It® Student Cash Back,true,National,,true,false,"{""0"",""2"",""3""}",0,true,0.2474,,0.2374,0.1724,0.1649,0.2424,0.2924,0.0,6.0,0.1099,6.0,0.03,,0.2924,0.05,,25.0,0.0,0.0,0.0,0.0,"{""Cashback rewards"",""Other rewards""}","Student Sign-Up Bonus - statement credit after the first purchase in the first 3 months 
Refer A Friend -  Refer a friend and get a statement credit for each friend who becomes a cardmember.
Cashback Match - Get an unlimited dollar-for-dollar match of all","{""Contactless Payments"",""Chip card"",""Fee-free foreign transactions"",""Mobile wallet provisioning (for example, Apple Pay)""}",https://www.discover.com/credit-cards/student-credit-card/it-card.html?ICMPGN=ALL_CC_STUDENT_IT_CARD,2025-12-31
capital-one-discover-it-cash-back-credit-card,"Capital One, National Association",CAPITAL_ONE,Discover it® Cash Back Credit Card,true,National,,false,false,"{""2"",""3""}",2,true,0.2699,,0.2674,0.2474,0.1674,0.2574,0.2924,0.0,15.0,0.0,15.0,0.03,,0.2924,0.05,,25.0,0.0,0.0,0.0,0.0,"{""Cashback rewards"",""Other rewards""}","Affiliates Sign-Up Bonus - statement credit after $500 spend in the first 3 months  
Refer A Friend -  Refer a friend and get a statement credit for each friend who becomes a cardmember.
Cashback Match - Get an unlimited dollar-for-dollar match of all the","{""Contactless Payments"",""Chip card"",""Fee-free foreign transactions"",""Mobile wallet provisioning (for example, Apple Pay)""}",https://www.discover.com/credit-cards/cash-back/it-card.html?ICMPGN=ALL_CC_CB_CARD,2025-12-31
capital-one-discover-it-secured-credit-card,"Capital One, National Association",CAPITAL_ONE,Discover It® Secured Credit Card,true,National,,true,true,"{""0"",""1"",""2""}",0,true,,,,,0.2674,0.2724,0.2724,,,0.1099,6.0,0.03,,0.2924,0.05,,25.0,0.0,0.0,0.0,0.0,"{""Cashback rewards"",""Other rewards""}",Cashback Match - Get an unlimited dollar-for-dollar match of all the cash back you've earned at the end of your first year,"{""Contactless Payments"",""Chip card"",""Fee-free foreign transactions"",""Mobile wallet provisioning (for example, Apple Pay)""}",https://www.discover.com/credit-cards/secured-credit-card/?ICMPGN=ALL_CC_SECURED_CARD,2025-12-31
capital-one-venture-x-rewards-npsl,"Capital One, National Association",CAPITAL_ONE,Venture X Rewards (NPSL),true,National,,false,false,"{""3""}",3,true,,0.2924,0.2924,0.2524,0.1899,0.2524,0.2924,,,,,,,0.0,0.05,5.0,25.0,395.0,0.0,0.0,29.0,"{""Travel-related rewards""}",,"{""Contactless Payments"",""Chip card"",""Fee-free foreign transactions"",""Mobile wallet provisioning (for example, Apple Pay)""}",https://www.capitalone.com/credit-cards/,2025-12-31
capital-one-t-mobile-visa,"Capital One, National Association",CAPITAL_ONE,T-Mobile Visa,true,National,,true,false,"{""2"",""3""}",2,true,0.2899,0.2899,0.2899,0.1899,0.1899,0.2899,0.2924,,,,,0.03,,0.2899,0.05,5.0,25.0,0.0,0.0,0.0,29.0,"{""Other rewards""}",Points,"{""Contactless Payments"",""Chip card"",""Fee-free foreign transactions"",""Mobile wallet provisioning (for example, Apple Pay)""}",https://www.capitalone.com/credit-cards/t-mobile/,2025-12-31
capital-one-discover-it-chrome-gas-restaurant-credit-card-by-capital-one,"Capital One, National Association",CAPITAL_ONE,Discover it® Chrome Gas & Restaurant Credit Card by Capital One,true,National,,false,false,"{""3""}",3,true,0.2699,0.2699,0.2699,0.2299,0.1799,0.2699,0.2699,0.0,15.0,0.0,15.0,0.05,,0.2899,0.05,,25.0,0.0,0.0,0.0,0.0,"{""Cashback rewards"",""Other rewards""}",Cashback Match - Get an unlimited dollar-for-dollar match of all the cash back you've earned at the end of your first year,"{""Contactless Payments"",""Chip card"",""Fee-free foreign transactions"",""Mobile wallet provisioning (for example, Apple Pay)""}",https://www.discover.com/credit-cards/,2025-12-31
capital-one-discover-it-miles-by-capital-one,"Capital One, National Association",CAPITAL_ONE,Discover It® Miles by Capital One,true,National,,false,false,"{""3""}",3,true,0.2699,0.2699,0.2699,0.2299,0.1799,0.2699,0.2699,0.0,15.0,0.0,15.0,0.05,,0.2899,0.05,,25.0,0.0,0.0,0.0,0.0,"{""Travel-related rewards"",""Other rewards""}",Bonus Miles - Automatically match all the Miles you earn at the end of your first year,"{""Contactless Payments"",""Chip card"",""Fee-free foreign transactions"",""Mobile wallet provisioning (for example, Apple Pay)""}",https://www.discover.com/credit-cards/,2025-12-31
capital-one-discover-it-cash-back-credit-card-by-capital-one,"Capital One, National Association",CAPITAL_ONE,Discover it® Cash Back Credit Card by Capital One,true,National,,false,false,"{""3""}",3,true,0.2699,0.2699,0.2699,0.2699,0.1799,0.2699,0.2724,0.0,15.0,0.0,15.0,0.05,,0.2899,0.05,,25.0,0.0,0.0,0.0,0.0,"{""Cashback rewards"",""Other rewards""}",Cashback Match - Get an unlimited dollar-for-dollar match of all the cash back you've earned at the end of your first year,"{""Contactless Payments"",""Chip card"",""Fee-free foreign transactions"",""Mobile wallet provisioning (for example, Apple Pay)""}",https://www.discover.com/credit-cards/,2025-12-31
capital-one-rei-co-op-mastercard,"Capital One, National Association",CAPITAL_ONE,REI Co-op Mastercard,true,National,,true,false,"{""2"",""3""}",2,true,0.2899,0.2899,0.2899,0.2449,0.1799,0.2499,0.2899,,,,,0.03,,0.2899,0.05,5.0,25.0,0.0,0.0,0.0,29.0,"{""Other rewards""}",Points,"{""Contactless Payments"",""Chip card"",""Fee-free foreign transactions"",""Mobile wallet provisioning (for example, Apple Pay)""}",https://www.capitalone.com/credit-cards/,2025-12-31
capital-one-cabela-s-club-card,"Capital One, National Association",CAPITAL_ONE,Cabela's CLUB Card,true,National,,false,false,"{""2"",""3""}",2,true,0.3124,0.3099,0.3099,0.1999,0.1974,0.2299,0.3124,,,,,0.03,,0.3099,0.05,5.0,25.0,0.0,0.0,0.0,29.0,"{""Other rewards""}",Points,"{""Contactless Payments"",""Chip card"",""Fee-free foreign transactions"",""Mobile wallet provisioning (for example, Apple Pay)""}",https://www.capitalone.com/credit-cards/,2025-12-31
capital-one-bass-pro-shop-s-club-card,"Capital One, National Association",CAPITAL_ONE,Bass Pro Shop's CLUB Card,true,National,,false,false,"{""2"",""3""}",2,true,0.3099,0.3099,0.3099,0.1999,0.1974,0.2299,0.3124,,,,,0.03,,0.3099,0.05,5.0,25.0,0.0,0.0,0.0,29.0,"{""Other rewards""}",Points,"{""Contactless Payments"",""Chip card"",""Fee-free foreign transactions"",""Mobile wallet provisioning (for example, Apple Pay)""}",https://www.capitalone.com/credit-cards/,2025-12-31
capital-one-platinum-secured,"Capital One, National Association",CAPITAL_ONE,Platinum Secured,true,National,,false,true,"{""0"",""1""}",0,true,,,,,0.2949,0.2974,0.2974,,,,,,,0.2974,0.05,5.0,25.0,0.0,0.0,0.0,29.0,{},,"{""Contactless Payments"",""Chip card"",""Fee-free foreign transactions"",""Mobile wallet provisioning (for example, Apple Pay)""}",https://www.capitalone.com/credit-cards/,2025-12-31
capital-one-quicksilver-secured-rewards,"Capital One, National Association",CAPITAL_ONE,Quicksilver Secured Rewards,true,National,,false,true,"{""0"",""1""}",0,true,,,,,0.2949,0.2974,0.2974,,,,,,,0.2974,0.05,5.0,25.0,0.0,0.0,0.0,29.0,"{""Cashback rewards""}",,"{""Contactless Payments"",""Chip card"",""Fee-free foreign transactions"",""Mobile wallet provisioning (for example, Apple Pay)""}",https://www.capitalone.com/credit-cards/,2025-12-31
capital-one-ventureone-rewards-for-good-credit,"Capital One, National Association",CAPITAL_ONE,VentureOne Rewards for Good Credit,true,National,,false,false,"{""2""}",2,true,,,,,0.2949,0.2949,0.2974,,,0.0,12.0,0.04,,0.2949,0.05,5.0,25.0,0.0,0.0,0.0,29.0,"{""Travel-related rewards""}",,"{""Contactless Payments"",""Chip card"",""Fee-free foreign transactions"",""Mobile wallet provisioning (for example, Apple Pay)""}",https://www.capitalone.com/credit-cards/,2025-12-31
capital-one-ventureone-rewards,"Capital One, National Association",CAPITAL_ONE,VentureOne Rewards,true,National,,false,false,"{""3""}",3,true,,0.2924,0.2924,0.2524,0.1874,0.2524,0.2924,0.0,15.0,0.0,15.0,0.03,,0.2924,0.05,5.0,25.0,0.0,0.0,0.0,29.0,"{""Travel-related rewards""}",,"{""Contactless Payments"",""Chip card"",""Fee-free foreign transactions"",""Mobile wallet provisioning (for example, Apple Pay)""}",https://www.capitalone.com/credit-cards/,2025-12-31
capital-one-venture-x-rewards,"Capital One, National Association",CAPITAL_ONE,Venture X Rewards,true,National,,false,false,"{""3""}",3,true,,0.2924,0.2924,0.2524,0.1899,0.2524,0.2924,,,0.0,12.0,0.04,,0.2924,0.05,5.0,25.0,395.0,0.0,0.0,29.0,"{""Travel-related rewards""}",,"{""Contactless Payments"",""Chip card"",""Fee-free foreign transactions"",""Mobile wallet provisioning (for example, Apple Pay)""}",https://www.capitalone.com/credit-cards/,2025-12-31
capital-one-venture-rewards,"Capital One, National Association",CAPITAL_ONE,Venture Rewards,true,National,,false,false,"{""3""}",3,true,,0.2924,0.2924,0.2524,0.1924,0.2524,0.2924,,,0.0,12.0,0.04,,0.2924,0.05,5.0,25.0,95.0,0.0,0.0,29.0,"{""Travel-related rewards""}",,"{""Contactless Payments"",""Chip card"",""Fee-free foreign transactions"",""Mobile wallet provisioning (for example, Apple Pay)""}",https://www.capitalone.com/credit-cards/,2025-12-31
capital-one-savor-rewards-targeted-offering-for-existing-customers-pmc,"Capital One, National Association",CAPITAL_ONE,Savor Rewards (targeted offering for existing customers - PMC),true,National,,false,false,"{""1"",""2"",""3""}",1,true,,0.2924,0.2924,0.2924,0.2899,0.2924,0.2974,0.0,9.0,,,0.04,,0.2924,0.05,5.0,25.0,0.0,0.0,0.0,29.0,"{""Cashback rewards""}",,"{""Contactless Payments"",""Chip card"",""Fee-free foreign transactions"",""Mobile wallet provisioning (for example, Apple Pay)""}",https://www.capitalone.com/credit-cards/,2025-12-31
capital-one-savor-rewards-for-students,"Capital One, National Association",CAPITAL_ONE,Savor Rewards for Students,true,National,,false,false,"{""0"",""1"",""2"",""3""}",0,true,0.2899,0.2899,0.2524,0.1924,0.1874,0.2524,0.2924,,,,,,,0.2924,0.05,5.0,25.0,0.0,0.0,0.0,29.0,"{""Cashback rewards""}",,"{""Contactless Payments"",""Chip card"",""Fee-free foreign transactions"",""Mobile wallet provisioning (for example, Apple Pay)""}",https://www.capitalone.com/credit-cards/,2025-12-31
capital-one-savorone-rewards,"Capital One, National Association",CAPITAL_ONE,SavorOne Rewards,true,National,,false,false,"{""0"",""1""}",0,true,,,,,0.2949,0.2949,0.2974,,,,,,,0.2949,0.05,5.0,25.0,39.0,0.0,0.0,29.0,"{""Cashback rewards""}",,"{""Contactless Payments"",""Chip card"",""Fee-free foreign transactions"",""Mobile wallet provisioning (for example, Apple Pay)""}",https://www.capitalone.com/credit-cards/,2025-12-31
capital-one-savor-rewards-for-good-credit,"Capital One, National Association",CAPITAL_ONE,Savor Rewards for Good Credit,true,National,,false,false,"{""2""}",2,true,,,,,0.2949,0.2974,0.2974,,,0.0,12.0,0.04,,0.2974,0.05,5.0,25.0,0.0,0.0,0.0,29.0,"{""Cashback rewards""}",,"{""Contactless Payments"",""Chip card"",""Fee-free foreign transactions"",""Mobile wallet provisioning (for example, Apple Pay)""}",https://www.capitalone.com/credit-cards/,2025-12-31
capital-one-savor-rewards,"Capital One, National Association",CAPITAL_ONE,Savor Rewards,true,National,,false,false,"{""3""}",3,true,,0.2924,0.2924,0.2524,0.1874,0.2524,0.2924,0.0,12.0,0.0,12.0,0.03,,0.2924,0.05,5.0,25.0,0.0,0.0,0.0,29.0,"{""Cashback rewards""}",,"{""Contactless Payments"",""Chip card"",""Fee-free foreign transactions"",""Mobile wallet provisioning (for example, Apple Pay)""}",https://www.capitalone.com/credit-cards/,2025-12-31
capital-one-quicksilver-rewards-non-ranged-apr-offering,"Capital One, National Association",CAPITAL_ONE,Quicksilver Rewards (non-ranged APR offering),true,National,,false,false,"{""1"",""2"",""3""}",1,true,,,,,0.2749,0.2799,0.2824,0.0,9.0,,,,,0.2799,0.05,5.0,25.0,0.0,0.0,0.0,29.0,"{""Cashback rewards""}",,"{""Contactless Payments"",""Chip card"",""Fee-free foreign transactions"",""Mobile wallet provisioning (for example, Apple Pay)""}",https://www.capitalone.com/credit-cards/,2025-12-31
capital-one-quicksilver-rewards-for-students,"Capital One, National Association",CAPITAL_ONE,Quicksilver Rewards for Students,true,National,,false,false,"{""0"",""1"",""2"",""3""}",0,true,0.2899,0.2899,0.2524,0.2499,0.1874,0.2524,0.2924,,,,,,,0.2924,0.05,5.0,25.0,0.0,0.0,0.0,29.0,"{""Cashback rewards""}",,"{""Contactless Payments"",""Chip card"",""Fee-free foreign transactions"",""Mobile wallet provisioning (for example, Apple Pay)""}",https://www.capitalone.com/credit-cards/,2025-12-31
capital-one-quicksilver-rewards-targeted-offering-for-existing-customers-pmc,"Capital One, National Association",CAPITAL_ONE,Quicksilver Rewards (targeted offering for existing customers - PMC),true,National,,false,false,"{""1"",""2"",""3""}",1,true,,0.2924,0.2924,0.2924,0.2899,0.2924,0.2974,0.0,9.0,,,0.04,,0.2924,0.05,5.0,25.0,0.0,0.0,0.0,29.0,"{""Cashback rewards""}",,"{""Contactless Payments"",""Chip card"",""Fee-free foreign transactions"",""Mobile wallet provisioning (for example, Apple Pay)""}",https://www.capitalone.com/credit-cards/,2025-12-31
capital-one-quicksilverone-rewards,"Capital One, National Association",CAPITAL_ONE,QuicksilverOne Rewards,true,National,,false,false,"{""0"",""1""}",0,true,,,,,0.2949,0.2974,0.2974,,,,,,,0.2974,0.05,5.0,25.0,39.0,0.0,0.0,29.0,"{""Cashback rewards""}",,"{""Contactless Payments"",""Chip card"",""Fee-free foreign transactions"",""Mobile wallet provisioning (for example, Apple Pay)""}",https://www.capitalone.com/credit-cards/,2025-12-31
capital-one-quicksilver-rewards-for-good-credit,"Capital One, National Association",CAPITAL_ONE,Quicksilver Rewards for Good Credit,true,National,,false,false,"{""2""}",2,true,,,,,0.2949,0.2974,0.2974,,,0.0,12.0,0.04,,0.2974,0.05,5.0,25.0,0.0,0.0,0.0,29.0,"{""Cashback rewards""}",,"{""Contactless Payments"",""Chip card"",""Fee-free foreign transactions"",""Mobile wallet provisioning (for example, Apple Pay)""}",https://www.capitalone.com/credit-cards/,2025-12-31
capital-one-quicksilver-rewards-ranged-apr-offering,"Capital One, National Association",CAPITAL_ONE,Quicksilver Rewards (ranged APR offering),true,National,,false,false,"{""3""}",3,true,,0.2924,0.2924,0.2524,0.1874,0.2524,0.2924,0.0,15.0,0.0,15.0,0.03,,0.2924,0.05,5.0,25.0,0.0,0.0,0.0,29.0,"{""Cashback rewards""}",,"{""Contactless Payments"",""Chip card"",""Fee-free foreign transactions"",""Mobile wallet provisioning (for example, Apple Pay)""}",https://www.capitalone.com/credit-cards/,2025-12-31
capital-one-platinum-mastercard-targeted-offering-via-pre-screen-direct-mail,"Capital One, National Association",CAPITAL_ONE,Platinum Mastercard (targeted offering via pre-screen direct mail),true,National,,false,false,"{""0"",""1"",""2""}",0,true,,,,,0.2599,0.2949,0.2974,0.0,9.0,,,,,0.2949,0.05,5.0,25.0,0.0,0.0,0.0,29.0,{},,"{""Contactless Payments"",""Chip card"",""Fee-free foreign transactions"",""Mobile wallet provisioning (for example, Apple Pay)""}",https://www.capitalone.com/credit-cards/,2025-12-31
capital-one-platinum-mastercard,"Capital One, National Association",CAPITAL_ONE,Platinum Mastercard,true,National,,false,false,"{""0"",""1""}",0,true,,,,,0.2949,0.2974,0.2974,,,,,,,0.2974,0.05,5.0,25.0,0.0,0.0,0.0,29.0,{},,"{""Contactless Payments"",""Chip card"",""Fee-free foreign transactions"",""Mobile wallet provisioning (for example, Apple Pay)""}",https://www.capitalone.com/credit-cards/,2025-12-31
capital-one-the-key-rewards-visa,"Capital One, National Association",CAPITAL_ONE,The Key Rewards Visa,true,National,,false,false,"{""2"",""3""}",2,true,,,,,0.2924,0.2924,0.2924,,,,,0.03,,0.2924,0.05,5.0,25.0,0.0,0.0,0.0,29.0,"{""Other rewards""}",Points,"{""Contactless Payments"",""Chip card"",""Fee-free foreign transactions"",""Mobile wallet provisioning (for example, Apple Pay)""}",https://www.capitalone.com/credit-cards/,2025-12-31
capital-one-west-elm-key-rewards-visa,"Capital One, National Association",CAPITAL_ONE,West Elm Key Rewards Visa,true,National,,false,false,"{""2"",""3""}",2,true,,,,,0.2924,0.2924,0.2924,,,,,0.03,,0.2924,0.05,5.0,25.0,0.0,0.0,0.0,29.0,"{""Other rewards""}",Points,"{""Contactless Payments"",""Chip card"",""Fee-free foreign transactions"",""Mobile wallet provisioning (for example, Apple Pay)""}",https://www.capitalone.com/credit-cards/,2025-12-31
capital-one-pottery-barn-key-rewards-visa,"Capital One, National Association",CAPITAL_ONE,Pottery Barn Key Rewards Visa,true,National,,false,false,"{""2"",""3""}",2,true,,,,,0.2924,0.2924,0.2924,,,,,0.03,,0.2924,0.05,5.0,25.0,0.0,0.0,0.0,29.0,"{""Other rewards""}",Points,"{""Contactless Payments"",""Chip card"",""Fee-free foreign transactions"",""Mobile wallet provisioning (for example, Apple Pay)""}",https://www.capitalone.com/credit-cards/,2025-12-31
capital-one-williams-sonoma-key-rewards-visa,"Capital One, National Association",CAPITAL_ONE,Williams Sonoma Key Rewards Visa,true,National,,false,false,"{""2"",""3""}",2,true,,,,,0.2924,0.2924,0.2924,,,,,0.03,,0.2924,0.05,5.0,25.0,0.0,0.0,0.0,29.0,"{""Other rewards""}",Points,"{""Contactless Payments"",""Chip card"",""Fee-free foreign transactions"",""Mobile wallet provisioning (for example, Apple Pay)""}",https://www.capitalone.com/credit-cards/,2025-12-31
capital-one-teamsters-direct-mail-upmarket,"Capital One, National Association",CAPITAL_ONE,Teamsters Direct Mail - Upmarket,true,National,,true,false,"{""3""}",3,true,,0.249,0.249,0.2115,0.209,0.2115,0.2515,0.0,15.0,0.0,15.0,0.01,,0.2824,0.03,3.0,25.0,0.0,0.0,0.0,19.0,{},,"{""Contactless Payments"",""Chip card"",""Fee-free foreign transactions"",""Mobile wallet provisioning (for example, Apple Pay)""}",https://teamstercardnow.com/,2025-12-31
capital-one-teamsters-direct-mail-mainstreet-non-teaser,"Capital One, National Association",CAPITAL_ONE,Teamsters Direct Mail - Mainstreet (Non-Teaser),true,National,,true,false,"{""1"",""2""}",1,true,,,,,0.2724,0.2749,0.2749,,,,,0.03,,0.2799,0.03,3.0,25.0,0.0,0.0,0.0,19.0,{},,"{""Contactless Payments"",""Chip card"",""Fee-free foreign transactions"",""Mobile wallet provisioning (for example, Apple Pay)""}",https://teamstercardnow.com/,2025-12-31
capital-one-teamsters-direct-mail-mainstreet-teaser,"Capital One, National Association",CAPITAL_ONE,Teamsters Direct Mail - Mainstreet (Teaser),true,National,,true,false,"{""1"",""2""}",1,true,,,,,0.2724,0.2724,0.2749,0.0,9.0,0.0,9.0,0.03,,0.2824,0.03,3.0,25.0,0.0,0.0,0.0,19.0,{},,"{""Contactless Payments"",""Chip card"",""Fee-free foreign transactions"",""Mobile wallet provisioning (for example, Apple Pay)""}",https://teamstercardnow.com/,2025-12-31
capital-one-teamsters-primary-access-internet,"Capital One, National Association",CAPITAL_ONE,Teamsters Primary Access - Internet,true,National,,true,false,"{""1"",""2""}",1,true,,,,,0.2724,0.2749,0.2749,,,,,0.03,,0.2824,0.03,3.0,25.0,0.0,0.0,0.0,19.0,{},,"{""Contactless Payments"",""Chip card"",""Fee-free foreign transactions"",""Mobile wallet provisioning (for example, Apple Pay)""}",https://teamstercardnow.com/,2025-12-31
capital-one-teamsters-cash-rewards,"Capital One, National Association",CAPITAL_ONE,Teamsters Cash Rewards,true,National,,true,false,"{""3""}",3,true,,,0.2699,0.229,0.169,0.2315,0.2699,0.0,12.0,0.0,12.0,0.03,,0.2824,0.03,3.0,25.0,0.0,0.0,0.0,19.0,"{""Cashback rewards""}",,"{""Contactless Payments"",""Chip card"",""Fee-free foreign transactions"",""Mobile wallet provisioning (for example, Apple Pay)""}",https://teamstercardnow.com/,2025-12-31
capital-one-teamsters-rate-advantage-internet,"Capital One, National Association",CAPITAL_ONE,Teamsters Rate Advantage - Internet,true,National,,true,false,"{""3""}",3,true,,,0.2515,0.209,0.149,0.2115,0.2515,0.0,15.0,0.0,15.0,0.03,,0.2824,0.03,3.0,25.0,0.0,0.0,0.0,19.0,{},,"{""Contactless Payments"",""Chip card"",""Fee-free foreign transactions"",""Mobile wallet provisioning (for example, Apple Pay)""}",https://teamstercardnow.com/,2025-12-31
capital-one-union-plus-direct-mail-upmarket,"Capital One, National Association",CAPITAL_ONE,Union Plus Direct Mail - Upmarket,true,National,,true,false,"{""3""}",3,true,,0.249,0.249,0.2115,0.209,0.2115,0.2515,0.0,15.0,0.0,15.0,0.01,,0.2799,0.03,3.0,25.0,0.0,0.0,0.0,19.0,{},,"{""Contactless Payments"",""Chip card"",""Fee-free foreign transactions"",""Mobile wallet provisioning (for example, Apple Pay)""}",https://theunioncard.com/,2025-12-31
capital-one-union-plus-direct-mail-mainstreet-teaser,"Capital One, National Association",CAPITAL_ONE,Union Plus Direct Mail - Mainstreet (Teaser),true,National,,true,false,"{""1"",""2""}",1,true,,,,,0.2724,0.2749,0.2749,0.0,9.0,0.0,9.0,0.03,,0.2824,0.03,3.0,25.0,0.0,0.0,0.0,19.0,{},,"{""Contactless Payments"",""Chip card"",""Fee-free foreign transactions"",""Mobile wallet provisioning (for example, Apple Pay)""}",https://theunioncard.com/,2025-12-31
capital-one-union-plus-direct-mail-mainstreet-non-teaser,"Capital One, National Association",CAPITAL_ONE,Union Plus Direct Mail - Mainstreet (Non-Teaser),true,National,,true,false,"{""1"",""2""}",1,true,,,,,0.2724,0.2724,0.2749,,,,,0.03,,0.2799,0.03,3.0,25.0,0.0,0.0,0.0,19.0,{},,"{""Contactless Payments"",""Chip card"",""Fee-free foreign transactions"",""Mobile wallet provisioning (for example, Apple Pay)""}",https://theunioncard.com/,2025-12-31
capital-one-union-plus-primary-access-internet,"Capital One, National Association",CAPITAL_ONE,Union Plus Primary Access - Internet,true,National,,true,false,"{""1"",""2""}",1,true,,,,,0.2724,0.2749,0.2749,,,,,0.03,,0.2824,0.03,3.0,25.0,0.0,0.0,0.0,19.0,{},,"{""Contactless Payments"",""Chip card"",""Fee-free foreign transactions"",""Mobile wallet provisioning (for example, Apple Pay)""}",https://theunioncard.com/,2025-12-31
capital-one-union-plus-cash-rewards,"Capital One, National Association",CAPITAL_ONE,Union Plus Cash Rewards,true,National,,true,false,"{""3""}",3,true,,0.2899,0.2724,0.249,0.1699,0.2699,0.2899,0.0,12.0,0.0,12.0,0.03,,0.2824,0.03,3.0,25.0,0.0,0.0,0.0,19.0,"{""Cashback rewards""}",,"{""Contactless Payments"",""Chip card"",""Fee-free foreign transactions"",""Mobile wallet provisioning (for example, Apple Pay)""}",https://theunioncard.com/,2025-12-31
capital-one-union-plus-rate-advantage-internet,"Capital One, National Association",CAPITAL_ONE,Union Plus Rate Advantage - Internet,true,National,,true,false,"{""3""}",3,true,,0.2749,0.2515,0.209,0.149,0.249,0.2749,0.0,15.0,0.0,15.0,0.03,,0.2824,0.03,3.0,25.0,0.0,0.0,0.0,19.0,{},,"{""Contactless Payments"",""Chip card"",""Fee-free foreign transactions"",""Mobile wallet provisioning (for example, Apple Pay)""}",https://theunioncard.com/,2025-12-31
carolina-cooperative-federal-credit-union-select,Carolina Cooperative Federal Credit Union,,Select,false,National,,true,false,"{""2"",""3""}",2,false,,,,,,,,,,,,,,0.089,,,25.0,0.0,0.0,0.01,,"{""Other rewards""}",Point system to redeem products.,"{""Chip card""}",https://www.ezcardinfo.com,2025-12-31
carolina-cooperative-federal-credit-union-classic,Carolina Cooperative Federal Credit Union,,Classic,false,National,,true,false,"{""2""}",2,false,,,,,,,,,,,,,,0.129,,,25.0,0.0,0.0,0.01,,"{""Other rewards""}",Point system to redeem products.,{},https://www.ezcardinfo.com,2025-12-31
carolina-cooperative-federal-credit-union-secured,Carolina Cooperative Federal Credit Union,,Secured,false,National,,true,true,"{""0"",""1""}",0,false,,,,,,,,,,,,,,0.129,,,25.0,0.0,0.0,0.01,,"{""Other rewards""}",Point system to redeem products.,"{""Chip card""}",https://www.ezcardinfo.com,2025-12-31
central-willamette-credit-union-visa-platinum,Central Willamette Credit Union,,Visa Platinum,false,National,,true,false,"{""3""}",3,true,0.2175,0.2175,0.1375,0.1175,0.1024,0.1375,0.2175,,,0.0199,3.0,,,,0.02,,25.0,0.0,0.0,0.01,25.0,"{""Travel-related rewards""}",,"{""Chip card"",""Mobile wallet provisioning (for example, Apple Pay)""}",,2025-12-31
century-bank-century-bank-consumer-visa,Century Bank,,Century Bank Consumer Visa,false,Regional,,true,false,"{""1"",""2"",""3""}",1,false,,,,,,,,,,,,,,0.1488,,,25.0,0.0,0.0,0.0,25.0,"{""Cashback rewards"",""Travel-related rewards""}",,"{""Chip card""}",,2025-12-31
champion-credit-union-visa-platinum,Champion Credit Union,,Visa Platinum,false,One State/Territory,NC,true,false,"{""2"",""3""}",2,false,0.14,0.14,0.11,0.1,0.1,0.12,0.14,,,,,,,,,,28.0,0.0,0.0,0.0,,{},,"{""Contactless Payments"",""Chip card"",""Fee-free foreign transactions"",""Mobile wallet provisioning (for example, Apple Pay)""}",https://www.championcu.com,2025-12-31
champion-credit-union-visa-platinum-rewards,Champion Credit Union,,Visa Platinum Rewards,false,One State/Territory,NC,true,false,"{""2"",""3""}",2,false,0.15,0.15,0.12,0.11,0.11,0.13,0.15,,,,,,,0.13,,,28.0,0.0,0.0,0.0,,"{""Cashback rewards"",""Travel-related rewards"",""Other rewards""}","Gift cards and other promotional opportunities (events, concerts, etc.)","{""Contactless Payments"",""Chip card"",""Fee-free foreign transactions"",""Mobile wallet provisioning (for example, Apple Pay)""}",https://www.championcu.com,2025-12-31
chiropractic-federal-credit-union-visa,Chiropractic Federal Credit Union,,VISA,false,National,,true,false,"{""0"",""1"",""2"",""3""}",0,false,,,,,0.099,0.099,0.099,,,,,,,0.099,,,25.0,0.0,0.0,0.01,,"{""Other rewards""}",ScoreCard points,"{""Chip card""}",https://www.chirofcu.org,2025-12-31
citibank-just-tires-credit-card,"Citibank, N.A.",CITI,Just Tires Credit Card,true,National,,false,false,"{""1"",""2"",""3""}",1,true,,,,,0.3349,0.3349,0.3349,,,,,,,0.3349,0.05,,25.0,0.0,0.0,0.0,40.0,{},,"{""Contactless Payments"",""Chip card""}",,2025-12-31
citibank-dillards-mastercard,"Citibank, N.A.",CITI,Dillards MasterCard,true,National,,false,false,"{""1"",""2"",""3""}",1,true,,,,,0.3249,0.3249,0.3249,,,0.3249,12.0,0.05,,0.3249,0.05,,25.0,0.0,0.0,0.03,41.0,{},,"{""Chip card""}",,2025-12-31
citibank-dillards-credit-card,"Citibank, N.A.",CITI,Dillards Credit Card,true,National,,false,false,"{""1"",""2"",""3""}",1,true,,,,,0.3249,0.3249,0.3249,,,,,,,,,,25.0,0.0,0.0,0.0,41.0,{},,"{""Chip card""}",,2025-12-31
citibank-citi-strata-elite,"Citibank, N.A.",CITI,Citi Strata Elite,true,National,,false,false,"{""2"",""3""}",2,true,,,0.2849,0.2049,0.2049,0.2449,0.2849,,,,12.0,0.05,,0.2974,0.05,,23.0,595.0,0.0,0.0,41.0,"{""Travel-related rewards""}",,"{""Contactless Payments"",""Chip card"",""Mobile wallet provisioning (for example, Apple Pay)""}",,2025-12-31
citibank-citi-aadvantage-globe-mastercard,"Citibank, N.A.",CITI,Citi AAdvantage Globe Mastercard,true,National,,false,false,"{""2"",""3""}",2,true,,,0.2949,0.1949,0.1949,0.2449,0.2949,,,,12.0,0.05,,0.2974,0.05,,23.0,350.0,0.0,0.0,41.0,"{""Travel-related rewards""}",,"{""Contactless Payments"",""Chip card"",""Mobile wallet provisioning (for example, Apple Pay)""}",,2025-12-31
citibank-tsc-visa-credit-card,"Citibank, N.A.",CITI,TSC Visa Credit Card,true,National,,false,false,"{""1"",""2"",""3""}",1,true,,,,,0.3249,0.3249,0.3249,,,0.3249,12.0,0.05,,0.3249,0.05,,25.0,0.0,0.0,0.03,41.0,{},,"{""Contactless Payments"",""Chip card"",""Mobile wallet provisioning (for example, Apple Pay)""}",,2025-12-31
citibank-bloomingdales-american-express-card,"Citibank, N.A.",CITI,Bloomingdales American Express Card,true,National,,false,false,"{""1"",""2"",""3""}",1,true,,,,,0.3274,0.3274,0.3274,,,0.3274,12.0,0.05,,0.3274,0.04,,25.0,0.0,0.0,0.03,41.0,{},,"{""Contactless Payments"",""Chip card"",""Mobile wallet provisioning (for example, Apple Pay)""}",,2025-12-31
citibank-bloomingdale-s-credit-card,"Citibank, N.A.",CITI,Bloomingdale's Credit Card,true,National,,false,false,"{""1"",""2"",""3""}",1,true,,,,,0.3274,0.3274,0.3274,,,,,,,,,,25.0,0.0,0.0,0.0,41.0,{},,"{""Contactless Payments"",""Chip card""}",,2025-12-31
citibank-macy-s-american-express,"Citibank, N.A.",CITI,Macy's American Express,true,National,,false,false,"{""1"",""2"",""3""}",1,true,,,,,0.3274,0.3274,0.3274,,,0.3274,12.0,0.05,,0.3274,0.04,,25.0,0.0,0.0,0.03,41.0,{},,"{""Contactless Payments"",""Chip card"",""Mobile wallet provisioning (for example, Apple Pay)""}",,2025-12-31
citibank-macy-s-credit-card,"Citibank, N.A.",CITI,Macy's Credit Card,true,National,,false,false,"{""1"",""2"",""3""}",1,true,,,,,0.3274,0.3274,0.3274,,,,,,,,,,25.0,0.0,0.0,0.0,41.0,{},,"{""Contactless Payments"",""Chip card""}",,2025-12-31
citibank-wayfair-mastercard,"Citibank, N.A.",CITI,Wayfair Mastercard,true,National,,false,false,"{""1"",""2"",""3""}",1,true,,,,,0.3349,0.3349,0.3349,,,0.3349,12.0,0.05,,0.3349,0.05,,25.0,0.0,0.0,0.03,40.0,"{""Other rewards""}",,"{""Mobile wallet provisioning (for example, Apple Pay)""}",,2025-12-31
citibank-wayfair-credit-card,"Citibank, N.A.",CITI,Wayfair Credit Card,true,National,,false,false,"{""1"",""2"",""3""}",1,true,,,,,0.3349,0.3349,0.3349,,,,,,,,,,25.0,0.0,0.0,0.0,40.0,{},,"{""Chip card""}",,2025-12-31
citibank-volkswagon-service-card,"Citibank, N.A.",CITI,Volkswagon Service Card,true,National,,false,false,"{""1"",""2"",""3""}",1,true,,,,,0.3249,0.3249,0.3249,,,,,,,,,,25.0,0.0,0.0,0.0,40.0,{},,"{""Contactless Payments"",""Chip card""}",,2025-12-31
citibank-tsc-store-card,"Citibank, N.A.",CITI,TSC Store Card,true,National,,false,false,"{""1"",""2"",""3""}",1,true,,,,,0.3249,0.3249,0.3249,,,,,,,,,,25.0,0.0,0.0,0.0,41.0,{},,"{""Contactless Payments"",""Chip card""}",,2025-12-31
citibank-ross-simons-credit-card,"Citibank, N.A.",CITI,Ross Simons Credit Card,true,National,,false,false,"{""1"",""2"",""3""}",1,true,,,,,0.2999,0.2999,0.2999,,,,,,,,,,25.0,0.0,0.0,0.0,40.0,{},,"{""Contactless Payments"",""Chip card""}",,2025-12-31
citibank-my-best-buy-credit-card,"Citibank, N.A.",CITI,My Best Buy Credit Card,true,National,,false,false,"{""1"",""2"",""3""}",1,true,,,,,0.3074,0.3074,0.3074,,,,,,,,,,25.0,0.0,0.0,0.0,41.0,{},,"{""Contactless Payments"",""Chip card""}",,2025-12-31
citibank-the-home-depot-consumer-credit-card,"Citibank, N.A.",CITI,The Home Depot Consumer Credit Card,true,National,,false,false,"{""1"",""2"",""3""}",1,true,,,,,0.2999,0.2999,0.2999,,,,,,,,,,25.0,0.0,0.0,0.0,41.0,{},,"{""Contactless Payments"",""Chip card""}",,2025-12-31
citibank-my-best-buy-visa,"Citibank, N.A.",CITI,My Best  Buy Visa,true,National,,false,false,"{""1"",""2"",""3""}",1,true,,,,,0.3074,0.3074,0.3074,,,0.3074,12.0,0.05,,0.2999,0.05,,25.0,0.0,0.0,0.0,41.0,{},,"{""Contactless Payments"",""Chip card""}",,2025-12-31
citibank-the-goodyear-credit-card,"Citibank, N.A.",CITI,The Goodyear Credit Card,true,National,,false,false,"{""1"",""2"",""3""}",1,true,,,,,0.3349,0.3349,0.3349,,,,,,,0.3349,0.05,,25.0,0.0,0.0,0.0,40.0,{},,"{""Contactless Payments"",""Chip card""}",,2025-12-31
citibank-meijer-mastercard,"Citibank, N.A.",CITI,Meijer Mastercard,true,National,,false,false,"{""1"",""2"",""3""}",1,true,,,,,0.3324,0.3324,0.3324,,,0.3324,12.0,0.05,,0.3324,0.05,,25.0,0.0,0.0,0.03,40.0,"{""Other rewards""}",ThankYou Points,"{""Contactless Payments"",""Chip card"",""Mobile wallet provisioning (for example, Apple Pay)""}",,2025-12-31
citibank-meijer-credit-card,"Citibank, N.A.",CITI,Meijer Credit Card,true,National,,false,false,"{""1"",""2"",""3""}",1,true,,,,,0.3324,0.3324,0.3324,,,,,,,,,,25.0,0.0,0.0,0.0,40.0,{},,"{""Contactless Payments"",""Chip card""}",,2025-12-31
citibank-ll-bean-mastercard,"Citibank, N.A.",CITI,LL Bean Mastercard,true,National,,false,false,"{""1"",""2"",""3""}",1,true,,0.3049,0.2549,0.1949,0.1949,0.2549,0.3049,,,,12.0,0.05,,0.3249,0.05,,25.0,0.0,0.0,0.03,40.0,"{""Other rewards""}",ThankYou Points,"{""Contactless Payments"",""Chip card"",""Mobile wallet provisioning (for example, Apple Pay)""}",,2025-12-31
citibank-jewelers-reserve-card,"Citibank, N.A.",CITI,Jewelers Reserve Card,true,National,,false,false,"{""1"",""2"",""3""}",1,true,,,,,0.3249,0.3249,0.3249,,,,,,,,,,25.0,0.0,0.0,0.0,40.0,{},,"{""Contactless Payments"",""Chip card""}",,2025-12-31
citibank-citi-strata-premier,"Citibank, N.A.",CITI,Citi Strata Premier,true,National,,false,false,"{""2"",""3""}",2,true,,,0.2749,0.1949,0.1949,0.2349,0.2749,,,,12.0,0.05,,0.2974,0.05,,23.0,95.0,0.0,0.0,41.0,"{""Other rewards""}",ThankYou Points,"{""Contactless Payments"",""Chip card"",""Mobile wallet provisioning (for example, Apple Pay)""}",,2025-12-31
citibank-citi-double-cash-card,"Citibank, N.A.",CITI,Citi Double Cash Card,true,National,,false,false,"{""2"",""3""}",2,true,,,0.2749,0.1749,0.1749,0.2249,0.2749,,,0.0,9.0,0.05,,0.2974,0.05,,23.0,0.0,0.0,0.03,41.0,"{""Cashback rewards""}",,"{""Contactless Payments"",""Chip card"",""Mobile wallet provisioning (for example, Apple Pay)""}",,2025-12-31
citibank-home-furnishings,"Citibank, N.A.",CITI,Home Furnishings,true,National,,false,false,"{""1"",""2"",""3""}",1,true,,,,,0.3249,0.3249,0.3249,,,,,,,,,,25.0,0.0,0.0,0.0,40.0,{},,{},,2025-12-31
citibank-citi-custom-cash,"Citibank, N.A.",CITI,Citi Custom Cash,true,National,,false,false,"{""2"",""3""}",2,true,,,0.2749,0.1749,0.1749,0.2249,0.2749,,,0.0,9.0,0.05,,0.2974,0.05,,23.0,0.0,0.0,0.03,41.0,"{""Other rewards""}",ThankYou Points,"{""Contactless Payments"",""Chip card"",""Mobile wallet provisioning (for example, Apple Pay)""}",,2025-12-31
citibank-citi-simplicity-card,"Citibank, N.A.",CITI,Citi Simplicity Card,true,National,,false,false,"{""2"",""3""}",2,true,,,0.2824,0.1749,0.1749,0.2286,0.2824,0.0,6.0,0.0,11.0,0.05,,0.2974,0.05,,23.0,0.0,0.0,0.03,,{},,"{""Contactless Payments"",""Chip card"",""Mobile wallet provisioning (for example, Apple Pay)""}",,2025-12-31
citibank-electronics-appliances-card,"Citibank, N.A.",CITI,Electronics & Appliances Card,true,National,,false,false,"{""1"",""2"",""3""}",1,true,,,,,0.3249,0.3249,0.3249,,,,,,,,,,25.0,0.0,0.0,0.0,40.0,{},,"{""Contactless Payments"",""Chip card""}",,2025-12-31
citibank-citi-secured-mastercard,"Citibank, N.A.",CITI,Citi Secured MasterCard,true,National,,false,true,"{""0"",""1"",""2"",""3""}",0,true,,,,,0.2599,0.2599,0.2599,,,0.2599,12.0,0.05,,0.2974,0.05,,23.0,0.0,0.0,0.03,41.0,{},,{},,2025-12-31
citibank-drive-card,"Citibank, N.A.",CITI,Drive Card,true,National,,false,false,"{""1"",""2"",""3""}",1,true,,,,,0.3249,0.3249,0.3249,,,,,,,,,,25.0,0.0,0.0,0.0,40.0,{},,"{""Contactless Payments"",""Chip card""}",,2025-12-31
citibank-citi-diamond-preferred,"Citibank, N.A.",CITI,Citi Diamond Preferred,true,National,,false,false,"{""2"",""3""}",2,true,,,0.2724,0.1649,0.1649,0.2186,0.2724,0.0,6.0,0.0,11.0,0.05,,0.2974,0.05,,23.0,0.0,0.0,0.03,41.0,{},,"{""Contactless Payments"",""Chip card"",""Mobile wallet provisioning (for example, Apple Pay)""}",,2025-12-31
citibank-brandsource-credit-card,"Citibank, N.A.",CITI,BrandSource Credit Card,true,National,,false,false,"{""1"",""2"",""3""}",1,false,,,,,0.3424,0.3424,0.3424,,,,,,,,,,25.0,0.0,0.0,0.0,41.0,{},,"{""Contactless Payments"",""Chip card""}",,2025-12-31
citibank-shell-fuel-rewards-mastercard,"Citibank, N.A.",CITI,Shell Fuel Rewards Mastercard,true,National,,false,false,"{""1"",""2"",""3""}",1,true,,,,,0.3249,0.3249,0.3249,,,,,,,0.3249,0.05,,25.0,0.0,0.0,0.03,40.0,{},,"{""Contactless Payments"",""Chip card""}",,2025-12-31
citibank-shell-fuel-rewards-card,"Citibank, N.A.",CITI,Shell Fuel Rewards Card,true,National,,false,false,"{""1"",""2"",""3""}",1,true,,,,,0.3249,0.3249,0.3249,,,,,,,0.3249,0.05,,25.0,0.0,0.0,0.0,40.0,{},,"{""Contactless Payments"",""Chip card""}",,2025-12-31
citibank-exxon-mobile-smart-card,"Citibank, N.A.",CITI,Exxon Mobile Smart Card,true,National,,false,false,"{""1"",""2"",""3""}",1,true,,,,,0.3324,0.3324,0.3324,,,,,,,0.3324,0.05,,25.0,0.0,0.0,0.0,40.0,{},,"{""Chip card""}",,2025-12-31
citibank-costco-anywhere-visa-card,"Citibank, N.A.",CITI,Costco Anywhere Visa Card,true,National,,true,false,"{""2"",""3""}",2,true,,,0.2674,0.1874,0.1874,0.2274,0.2674,,,,12.0,0.05,,0.2874,0.05,,23.0,0.0,0.0,0.0,41.0,"{""Cashback rewards""}",,"{""Contactless Payments"",""Chip card"",""Mobile wallet provisioning (for example, Apple Pay)""}",,2025-12-31
citibank-citi-aadvantage-platinum-select,"Citibank, N.A.",CITI,Citi AAdvantage Platinum Select,true,National,,false,false,"{""2"",""3""}",2,true,,,0.2949,0.1949,0.1949,0.2449,0.2949,,,,12.0,0.05,,0.2974,0.05,,23.0,99.0,0.0,0.0,41.0,"{""Travel-related rewards""}",,"{""Contactless Payments"",""Chip card"",""Mobile wallet provisioning (for example, Apple Pay)""}",,2025-12-31
citibank-citi-aadvantage-executive-world-elite-mastercard,"Citibank, N.A.",CITI,Citi AAdvantage Executive World Elite MasterCard,true,National,,false,false,"{""2"",""3""}",2,true,,,0.2949,0.1949,0.1949,0.2449,0.2949,,,,12.0,0.05,,0.2974,0.05,,23.0,595.0,0.0,0.0,41.0,"{""Travel-related rewards""}",,"{""Contactless Payments"",""Chip card"",""Mobile wallet provisioning (for example, Apple Pay)""}",,2025-12-31
citibank-aadvantage-mileup-card,"Citibank, N.A.",CITI,AAdvantage MileUp Card,true,National,,false,false,"{""2"",""3""}",2,true,,,0.2949,0.1949,0.1949,0.2449,0.2949,,,,12.0,0.05,,0.2974,0.05,,23.0,0.0,0.0,0.03,41.0,"{""Travel-related rewards""}",,"{""Contactless Payments"",""Chip card"",""Mobile wallet provisioning (for example, Apple Pay)""}",,2025-12-31
citibank-citi-strata,"Citibank, N.A.",CITI,Citi Strata,true,National,,false,false,"{""2"",""3""}",2,true,,,0.2849,0.1849,0.1849,0.2349,0.2849,0.0,8.0,0.0,8.0,0.05,,0.2974,0.05,,23.0,0.0,0.0,0.03,41.0,"{""Other rewards""}",ThankYou Points,"{""Contactless Payments"",""Chip card"",""Mobile wallet provisioning (for example, Apple Pay)""}",,2025-12-31
citibank-at-t-points-plus-card,"Citibank, N.A.",CITI,AT&T Points Plus Card,true,National,,false,false,"{""2"",""3""}",2,true,,,0.2749,0.1949,0.1949,0.2349,0.2749,,,,12.0,0.05,,0.2974,0.05,,23.0,0.0,0.0,0.03,41.0,"{""Other rewards""}",ThankYou Points,"{""Contactless Payments"",""Chip card"",""Mobile wallet provisioning (for example, Apple Pay)""}",,2025-12-31
citizens-bank-citizens-amp,"Citizens Bank, National Association",,Citizens Amp,true,National,,false,false,"{""0"",""2"",""3""}",0,true,,,,,0.2774,0.2824,0.2824,,,,,0.05,10.0,0.2924,0.05,10.0,25.0,0.0,0.0,0.03,29.0,{},,"{""Contactless Payments"",""Chip card"",""Mobile wallet provisioning (for example, Apple Pay)""}",https://www.citizensbank.com,2025-12-31
citizens-bank-citizens-spring,"Citizens Bank, National Association",,Citizens Spring,true,National,,false,false,"{""2"",""3""}",2,true,,,0.2124,0.1624,0.1574,0.1849,0.2624,,,0.0,18.0,0.05,10.0,0.2924,0.05,10.0,25.0,0.0,0.0,0.03,29.0,{},,"{""Contactless Payments"",""Chip card"",""Mobile wallet provisioning (for example, Apple Pay)""}",https://www.citizensbank.com,2025-12-31
citizens-bank-citizens-summit,"Citizens Bank, National Association",,Citizens Summit,true,National,,false,false,"{""2"",""3""}",2,true,,,0.2524,0.1824,0.1774,0.2049,0.2799,,,0.0,12.0,0.05,10.0,0.2924,0.05,10.0,25.0,0.0,0.0,0.03,29.0,"{""Cashback rewards""}",,"{""Contactless Payments"",""Chip card"",""Mobile wallet provisioning (for example, Apple Pay)""}",https://citizensbank.com,2025-12-31
citizens-bank-citizens-summit-reserve,"Citizens Bank, National Association",,Citizens Summit Reserve,true,National,,false,false,"{""2"",""3""}",2,true,,,0.2724,0.2024,0.1974,0.2349,0.2924,,,,,0.05,10.0,,0.05,10.0,25.0,295.0,0.0,0.0,29.0,"{""Cashback rewards""}",,"{""Contactless Payments"",""Chip card"",""Fee-free foreign transactions"",""Mobile wallet provisioning (for example, Apple Pay)""}",https://www.citizensbank.com,2025-12-31
citizens-bank-citizens-summit-reserve-private-bank,"Citizens Bank, National Association",,Citizens Summit Reserve Private Bank,true,National,,false,false,"{""0"",""2"",""3""}",0,true,0.2724,,0.2724,0.2024,0.1974,0.2349,0.2924,,,,,0.05,10.0,0.2924,0.05,10.0,25.0,295.0,0.0,0.0,29.0,"{""Cashback rewards""}",,"{""Contactless Payments"",""Chip card"",""Fee-free foreign transactions"",""Mobile wallet provisioning (for example, Apple Pay)""}",https://www.citizensbank.com,2025-12-31
coloramo-federal-credit-union-visa-classic,Coloramo Federal Credit Union,,Visa Classic,false,One State/Territory,CO,true,false,"{""2"",""3""}",2,true,,,,,0.1649,0.1649,0.1649,,,0.1649,,,,0.1649,,,25.0,0.0,0.0,0.008,30.0,{},,"{""Contactless Payments"",""Chip card"",""Mobile wallet provisioning (for example, Apple Pay)""}",https://www.coloramo.org/lending-solutions,2025-12-31
coloramo-federal-credit-union-visa-platinum,Coloramo Federal Credit Union,,Visa Platinum,false,One State/Territory,CO,true,false,"{""2"",""3""}",2,true,,,,,0.1249,0.1249,0.1249,,,,,,,0.1249,,,25.0,0.0,0.0,0.008,30.0,"{""Cashback rewards"",""Travel-related rewards"",""Other rewards""}",We also offer experience rewards for activities,"{""Contactless Payments"",""Chip card"",""Mobile wallet provisioning (for example, Apple Pay)""}",https://www.coloramo.org/lending-solutions,2025-12-31
coloramo-federal-credit-union-visa-secured,Coloramo Federal Credit Union,,Visa Secured,false,One State/Territory,CO,true,true,"{""0""}",0,true,,,,,0.079,0.079,0.079,,,,,,,0.079,,,25.0,0.0,0.0,0.008,30.0,{},,"{""Contactless Payments"",""Chip card"",""Mobile wallet provisioning (for example, Apple Pay)""}",https://www.coloramo.org/lending-solutions,2025-12-31
comenity-bank-new-york-yankees-mastercard,Comenity Bank,COMENITY,New York Yankees Mastercard®,true,National,,false,false,"{""2"",""3""}",2,true,,,0.3199,0.2224,0.1774,0.0999,0.3224,,,,,,,0.3324,,,21.0,0.0,0.0,0.03,30.0,"{""Other rewards""}","5% back at Yankee Stadium concessions and shops; 
3% back at restaurants and bars;
3% back on gas, rideshare and mass transit;
1% back on all other purchases;
Earn a $50 statement credit when you spend $1,000 on New York Yankees Mastercard® purchases outs","{""Contactless Payments"",""Chip card"",""Mobile wallet provisioning (for example, Apple Pay)""}",https://d.comenity.net/ac/yankees/public/credit-card-agreement,2025-12-31
comenity-bank-bread-rewards-american-express,Comenity Bank,COMENITY,Bread Rewards™ American Express®,true,National,,false,false,"{""2"",""3""}",2,true,,,0.3399,0.2624,0.1924,0.0999,0.3424,,,0.0,15.0,,,0.3424,,,21.0,0.0,0.0,0.0,30.0,"{""Cashback rewards"",""Travel-related rewards"",""Other rewards""}","3X at gas stations and grocery stores, plus dining and utility purchases, 1X on all other purchases, 25% extra points every billing cycle you make 20 or more purchases","{""Contactless Payments"",""Chip card"",""Fee-free foreign transactions"",""Mobile wallet provisioning (for example, Apple Pay)""}",https://d.comenity.net/ac/breadrewards/public/credit-card-agreement,2025-12-31
comenity-bank-caesars-rewards-prestige-visa-signature,Comenity Bank,COMENITY,Caesars Rewards Prestige Visa Signature,true,National,,false,false,"{""2"",""3""}",2,true,,,0.3424,0.2224,0.1974,0.0999,0.3424,,,,,,,0.3524,,,21.0,149.0,0.0,0.0,30.0,"{""Other rewards""}","7 Rewards Credits for every $1 spent at Caesars Rewards destination; 2 Reward Credits for every $1 spent on restaurant, travel and entertainment; 1 Rewards Credit for every $1 spent everywhere else Visa is accepted; no cap on earning as long as one Reward","{""Contactless Payments"",""Chip card"",""Fee-free foreign transactions"",""Mobile wallet provisioning (for example, Apple Pay)""}",https://d.comenity.net/ac/caesarsrewardsvisa/public/credit-card-agreement,2025-12-31
comenity-bank-talbots-world-mastercard,Comenity Bank,COMENITY,Talbots World Mastercard,true,National,,false,false,"{""2"",""3""}",2,false,,,,,0.3599,0.3599,0.3599,,,,,,,0.3599,,,25.0,0.0,0.0,0.03,30.0,"{""Other rewards""}","15% off First purchase discount on your qualifying purchase today (same day of account opening at Talbots)
$25 Style Rewards at 500 Style Points
1 Style Points per $1 spent on purchases at Talbots with the Talbots World Mastercard® Credit Card
1.25 Style","{""Contactless Payments"",""Chip card"",""Mobile wallet provisioning (for example, Apple Pay)""}",https://d.comenity.net/ac/talbots/public/credit-card-agreement,2025-12-31
comenity-bank-victoria-s-secret-mastercard,Comenity Bank,COMENITY,Victoria's Secret Mastercard,true,National,,false,false,"{""2"",""3""}",2,false,,,,,0.3599,0.3599,0.3599,,,,,,,0.3599,,,25.0,0.0,0.0,0.0,30.0,"{""Other rewards""}","$25 off first purchase. 5% back in rewards at Victoria's Secret and PINK (10 points/ $1 spent); 2% back in rewards on Dining, Travel and Streaming Services (4 points/ $1 spent); 1% back in rewards on everything else; $10 reward issued for every 2000 point","{""Contactless Payments"",""Chip card"",""Mobile wallet provisioning (for example, Apple Pay)""}",https://d.comenity.net/ac/victoriassecretmastercard/public/credit-card-agreement,2025-12-31
comenity-bank-caesars-rewards-visa,Comenity Bank,COMENITY,Caesars Rewards Visa,true,National,,false,false,"{""2"",""3""}",2,true,,,0.3424,0.2224,0.1974,0.0999,0.3424,,,,,,,0.3524,,,21.0,0.0,0.0,0.03,30.0,"{""Other rewards""}","5 Rewards Credits for every $1 spent at Caesars Rewards destination; 2 Reward Credits for every $1 spent on restaurant, travel and entertainment; 1 Rewards Credit for every $1 spent everywhere else Visa is accepted; no cap on earning as long as one Reward","{""Contactless Payments"",""Chip card"",""Mobile wallet provisioning (for example, Apple Pay)""}",https://d.comenity.net/ac/caesarsrewardsvisa/public/credit-card-agreement,2025-12-31
comenity-bank-sportsman-s-guide-buyer-s-club-rewards-visae,Comenity Bank,COMENITY,Sportsman's Guide Buyer's Club Rewards Visae,true,National,,false,false,"{""2"",""3""}",2,false,,,,,0.3599,0.3599,0.3599,,,,,,,0.3599,,,25.0,0.0,0.0,0.03,30.0,"{""Other rewards""}","Additional 2.5% Discount on all merchandise you buy from The Guide; 1% back in rewards points on spend made outside Sportsman's Guide; $10 Reward Certificate for every 1,000 reward points earned; $40 Reward Certificate when you spend $500 outside Sportsma","{""Chip card"",""Mobile wallet provisioning (for example, Apple Pay)""}",https://d.comenity.net/ac/sportsmansguide/public/credit-card-agreement,2025-12-31
comenity-bank-ann-taylor-mastercard,Comenity Bank,COMENITY,Ann Taylor Mastercard,true,National,,false,false,"{""2"",""3""}",2,false,,,,,0.3599,0.3599,0.3599,,,,,,,0.3599,,,25.0,0.0,0.0,0.03,30.0,"{""Other rewards""}","20% off when you open and use your credit card immediately upon open; 5 points for every $1 spent at Ann Taylor, Ann Taylor Factory, AnnTaylor.com, LOFT, LOFT Outlet or LOFT.com; 2 points for every $1 spent on gas and grocery store purchases; 1 point  for","{""Contactless Payments"",""Chip card"",""Mobile wallet provisioning (for example, Apple Pay)""}",https://d.comenity.net/ac/anntaylorcard/public/credit-card-agreement,2025-12-31
comenity-bank-playstation-visa,Comenity Bank,COMENITY,PlayStation Visa,true,National,,false,false,"{""2"",""3""}",2,true,,,0.3199,0.2599,0.1774,0.0999,0.3224,,,,,,,0.3324,,,21.0,0.0,0.0,0.03,30.0,"{""Other rewards""}","Earn a $100 statement credit when you spend $500 with the PlayStation® Credit Card within 60 days of account opening.
Earn 5x points per dollar on everything from a new console to the latest titles and gear directly from PlayStation.3 Points applied only","{""Contactless Payments"",""Chip card"",""Mobile wallet provisioning (for example, Apple Pay)""}",https://d.comenity.net/ac/playstationvisa/public/credit-card-agreement,2025-12-31
comenity-bank-loft-mastercard,Comenity Bank,COMENITY,LOFT Mastercard,true,National,,false,false,"{""2"",""3""}",2,false,,,,,0.3599,0.3599,0.3599,,,,,,,0.3599,,,25.0,0.0,0.0,0.03,30.0,"{""Other rewards""}","20% off when you open and use your credit card immediately upon open; 5 points for every $1 spent at LOFT, LOFT Outlet, Ann Taylor, Ann Taylor Factory or AnnTaylor.com; 2 points for every $1 spent on gas and grocery store purchases; 1 point  for every $1","{""Contactless Payments"",""Chip card"",""Mobile wallet provisioning (for example, Apple Pay)""}",https://d.comenity.net/ac/loftcard/public/credit-card-agreement,2025-12-31
comenity-capital-bank-aaa-daily-advantage-visa-signature,Comenity Capital Bank,COMENITY,AAA Daily Advantage Visa Signature,true,National,,false,false,"{""2"",""3""}",2,true,,,0.3324,0.2224,0.1774,0.0999,0.3224,,,,,,,0.3324,,,25.0,0.0,0.0,0.0,30.0,"{""Cashback rewards"",""Other rewards""}","5% back on grocery; 3% cash back on Gas & Electric Vehicle-charging stations, Wholesale Clubs, Streaming Services, Pharmacy, and AAA purchases; 1% cash back on all other purchases; $100 statement credit when you spend $1000 within the first 90 days of acc","{""Contactless Payments"",""Chip card"",""Fee-free foreign transactions"",""Mobile wallet provisioning (for example, Apple Pay)""}",https://d.comenity.net/ac/advantage/public/credit-card-agreement7,2025-12-31
comenity-capital-bank-aaa-daily-advantage-visa-signature-2,Comenity Capital Bank,COMENITY,AAA Daily Advantage Visa Signature,true,National,,false,false,"{""2"",""3""}",2,true,,,0.3324,0.2224,0.1774,0.0999,0.3224,,,,,,,0.3324,,,25.0,0.0,0.0,0.0,30.0,"{""Cashback rewards"",""Other rewards""}","5% back on grocery; 3% cash back on Gas & Electric Vehicle-charging stations, Wholesale Clubs, Streaming Services, Pharmacy, and AAA purchases; 1% cash back on all other purchases; $100 statement credit when you spend $1000 within the first 90 days of acc","{""Contactless Payments"",""Chip card"",""Mobile wallet provisioning (for example, Apple Pay)""}",https://d.comenity.net/ac/advantage/public/credit-card-agreement7,2025-12-31
comenity-capital-bank-aaa-travel-advantage-visa-signature,Comenity Capital Bank,COMENITY,AAA Travel Advantage Visa Signature,true,National,,false,false,"{""2"",""3""}",2,true,,,0.3224,0.2224,0.1774,0.0999,0.3224,,,,,,,0.3324,,,25.0,0.0,0.0,0.0,30.0,"{""Cashback rewards"",""Other rewards""}","5% back on  Gas & Electric Vehicle-charging stations; 3% cash back on Grocery Store, Restaurants, Travel and AAA purchases; 1% cash back on all other purchases; $100 statement credit when you spend $1000 within the first 90 days of account opening","{""Contactless Payments"",""Chip card"",""Fee-free foreign transactions"",""Mobile wallet provisioning (for example, Apple Pay)""}",https://d.comenity.net/ac/advantage/public/credit-card-agreement,2025-12-31
comenity-capital-bank-ross-mastercard,Comenity Capital Bank,COMENITY,Ross Mastercard,true,National,,false,false,"{""2"",""3""}",2,true,,,,,0.3074,0.3124,0.3124,,,,,,,0.3224,,,25.0,0.0,0.0,0.03,30.0,"{""Other rewards""}","Save 10% today on a Ross Dress for Less purchase when you open and pay with a Ross Mastercard® Credit Card
5% back in rewards at Ross Dress for Less; 
1% back in rewards on all other purchases where Mastercard is accepted","{""Contactless Payments"",""Chip card"",""Mobile wallet provisioning (for example, Apple Pay)""}",https://d.comenity.net/ac/rossmastercard/public/credit-card-agreement,2025-12-31
comenity-capital-bank-saks-world-elite-mastercard,Comenity Capital Bank,COMENITY,Saks World Elite Mastercard,true,National,,false,false,"{""2"",""3""}",2,true,,,,,0.3174,0.3224,0.3224,,,,,,,0.3324,,,25.0,0.0,0.0,0.0,30.0,"{""Other rewards""}","Earn:
Premier, Elite, Platinum, and Diamond all based on in year spend
Spend Up to $2.5K (Premier) - earn 2 pts per $1
Spend $2.5K to $10K (Elite) - earn 4 pts per $1
Spend $10K to $25K (Platinum) - earn 6 pts per $1
Spend Over $25K (Diamond) - earn 6 pts","{""Contactless Payments"",""Chip card"",""Fee-free foreign transactions""}",https://d.comenity.net/ac/saks/public/credit-card-agreement,2025-12-31
comenity-capital-bank-unity-by-hard-rock-mastercard,Comenity Capital Bank,COMENITY,Unity™ by Hard Rock Mastercard,true,National,,false,false,"{""2"",""3""}",2,true,,,0.3199,0.2224,0.1774,0.0999,0.3224,,,,,,,0.3324,,,25.0,0.0,0.0,0.03,30.0,"{""Other rewards""}","•5X Unity Points at participating Hard Rock non-casino properties when you present the Unity by Hard Rock loyalty card or digital loyalty card found in the Unity app
4X Unity Points on non-gaming spend at participating Hard Rock Casino properties when you","{""Contactless Payments"",""Chip card"",""Mobile wallet provisioning (for example, Apple Pay)""}",https://d.comenity.net/ac/hardrock/public/credit-card-agreement,2025-12-31
comenity-capital-bank-good-sam-travel-visa-signature-card,Comenity Capital Bank,COMENITY,Good Sam Travel Visa Signature Card,true,National,,false,false,"{""2"",""3""}",2,true,,,0.3499,0.2799,0.2149,0.0999,0.3499,,,,,,,0.3499,,,21.0,249.0,0.0,0.03,30.0,"{""Other rewards""}","Elite Good Sam Membership, renews annually $149 value, 10% back in points on reservations at participating Good Sam affiliated campgrounds, 5% back in points at Camping World and Good Sam family of brands, 3% back in points at other campgrounds, gas and E","{""Contactless Payments"",""Chip card"",""Mobile wallet provisioning (for example, Apple Pay)""}",https://d.comenity.net/ac/goodsamrewards/public/credit-card-agreement,2025-12-31
comenity-capital-bank-crypto-com-visa-signature,Comenity Capital Bank,COMENITY,Crypto.com Visa Signature,true,National,,false,false,"{""2"",""3""}",2,true,,,0.3224,0.2624,0.1774,0.0999,0.3224,,,,,,,0.3324,,,21.0,0.0,0.0,0.03,30.0,"{""Other rewards""}","Earn up to 6% back in crypto with every purchase. Available to Obsidian 'Private' tier.1
Start your crypto journey with uncapped rewards on purchases across all cards.2
Get Priority Pass airport lounge access for Jade/Indigo and above cardholders.³","{""Contactless Payments"",""Chip card"",""Mobile wallet provisioning (for example, Apple Pay)""}",https://d.comenity.net/ac/cryptocom/public/credit-card-agreement,2025-12-31
comenity-capital-bank-petco-pay-mastercard,Comenity Capital Bank,COMENITY,Petco Pay Mastercard,true,National,,false,false,"{""2"",""3""}",2,true,,,0.3499,0.2899,0.2849,0.0999,0.3499,,,,,,,0.3599,,,21.0,0.0,0.0,0.03,30.0,"{""Other rewards""}",20% off your first purchase when you open and use your Petco Pay Mastercard Credit Card at the time of account opening at Petco only; Earn 2 Vital Care Points for every $1 spent at Petco locations and at Petco.com when you use your Petco Pay Mastercard Cr,"{""Contactless Payments"",""Chip card"",""Mobile wallet provisioning (for example, Apple Pay)""}",https://d.comenity.net/ac/petcopaymastercard/public/credit-card-agreement,2025-12-31
comenity-capital-bank-sephora-visa,Comenity Capital Bank,COMENITY,Sephora Visa,true,National,,false,false,"{""2"",""3""}",2,true,,,0.3275,0.2384,0.2334,0.0999,0.3275,,,,,,,0.3325,,,25.0,0.0,0.0,0.03,30.0,"{""Other rewards""}",25% off your first purchase at Sephora when you open and use your card within 30 days of account opening; 2x Beauty Insider Points for every $1 spent at Sephora; 4% rewards earning at Sephora in store or online; 1% rewards everywhere else Visa is accepted,"{""Contactless Payments"",""Chip card"",""Mobile wallet provisioning (for example, Apple Pay)""}",https://d.comenity.net/ac/sephoravisa/public/credit-card-agreement,2025-12-31
comenity-capital-bank-good-sam-rewards-visa,Comenity Capital Bank,COMENITY,Good Sam Rewards Visa,true,National,,false,false,"{""2"",""3""}",2,true,,,0.3499,0.2499,0.2149,0.0999,0.3499,,,,,,,0.3499,,,21.0,0.0,0.0,0.03,30.0,"{""Other rewards""}","5% back in points at Camping World and Good Sam family of brands, 3% back in points at other campgrounds and gas stations, 1% back in points everywhere else Visa® is accepted, 6 months special financing on in-store purchases $299+ at the Camping World & G","{""Contactless Payments"",""Chip card"",""Mobile wallet provisioning (for example, Apple Pay)""}",https://d.comenity.net/ac/goodsamrewardsvisa/public/credit-card-agreement,2025-12-31
comenity-capital-bank-interval-world-mastercard,Comenity Capital Bank,COMENITY,Interval World Mastercard,true,National,,false,false,"{""2"",""3""}",2,true,,,0.3424,0.2999,0.2949,0.0999,0.3424,,,,,,,0.3424,,,25.0,0.0,0.0,0.0,30.0,"{""Other rewards""}","Earn 3 points for every $1 spent on purchases at Interval International; Earn 2 points for every $1 spent at gas stations and on purchases at restaurants; Earn 1 point for every $1 spent everywhere else Mastercard is accepted; Receive 5,000 Bonus Points a","{""Contactless Payments"",""Chip card"",""Fee-free foreign transactions"",""Mobile wallet provisioning (for example, Apple Pay)""}",https://d.comenity.net/ac/intervalworld/public/credit-card-agreement,2025-12-31
comenity-capital-bank-ikea-visa,Comenity Capital Bank,COMENITY,IKEA Visa,true,National,,false,false,"{""2"",""3""}",2,false,,,,,0.2199,0.2199,0.2199,,,,,,,0.2399,,,25.0,0.0,0.0,0.0,30.0,"{""Other rewards""}","5% back in rewards on IKEA purchases including IKEA installation services and TaskRabbit assembly services, $25 off first IKEA purchase of $25 or more
when you open and use the IKEA VISA Credit Card same day, 3% back in rewards on dining, grocery stores a","{""Contactless Payments"",""Chip card"",""Fee-free foreign transactions"",""Mobile wallet provisioning (for example, Apple Pay)""}",https://d.comenity.net/ac/ikeavisa/public/credit-card-agreement,2025-12-31
comenity-capital-bank-ulta-beauty-rewards-mastercard,Comenity Capital Bank,COMENITY,Ulta Beauty Rewards Mastercard,true,National,,false,false,"{""2"",""3""}",2,true,,,0.3059,0.2634,0.2334,0.0999,0.3275,,,,,,,0.3325,,,25.0,0.0,0.0,0.03,30.0,"{""Other rewards""}","20% off first purchase at Ulta Beauty. Earn 2 points for every $1 spent at Ulta Beauty; Earn 1 point for every $3 spent outside of Ulta Beauty using your card, anywhere Mastercard is accepted; 500 points when you spend $500 in the first 90 days of account","{""Contactless Payments"",""Chip card"",""Mobile wallet provisioning (for example, Apple Pay)""}",https://d.comenity.net/ac/ultabeautyrewardsmastercard/public/credit-card-agreement,2025-12-31
comenity-capital-bank-sportsman-s-warehouse-explorewards-visa,Comenity Capital Bank,COMENITY,Sportsman's Warehouse Explorewards Visa,true,National,,false,false,"{""2"",""3""}",2,true,,,0.3424,0.2999,0.2949,0.0999,0.3424,,,,,,,0.3424,,,25.0,0.0,0.0,0.03,30.0,"{""Other rewards""}","15% off first purchase (up to $50) at Sportsman's Warehouse; 5 points for every $1 spent at Sportsman's Warehouse in store or online; 2 points for every $1 spent at gas/fuel stations, home improvement merchants, and campgrounds; 1 point for every $1 spent","{""Chip card"",""Mobile wallet provisioning (for example, Apple Pay)""}",https://d.comenity.net/ac/sportsmansvisa/public/credit-card-agreement,2025-12-31
comenity-capital-bank-penn-national-gaming-mycash-mastercard,Comenity Capital Bank,COMENITY,Penn National Gaming mycash Mastercard,true,National,,false,false,"{""2"",""3""}",2,true,,,0.2924,0.2024,0.1974,0.0999,0.3424,,,,,,,0.3474,,,25.0,0.0,0.0,0.03,30.0,"{""Other rewards""}","Get 5% back towards comps for purchases at any Penn National Gaming location; Get 2% back towards comps for purchases at gas stations and grocery stores; Get 1% back towards comps on every dollar spent on all other purchases; Earn 1,000 tier points and Ad","{""Contactless Payments"",""Chip card"",""Mobile wallet provisioning (for example, Apple Pay)""}",https://d.comenity.net/ac/mycashmastercard/public/credit-card-agreement,2025-12-31
comenity-capital-bank-lands-end-visa,Comenity Capital Bank,COMENITY,Lands' End Visa,true,National,,false,false,"{""2"",""3""}",2,true,,,0.3499,0.2899,0.2849,0.0999,0.3499,,,,,,,0.3599,,,21.0,0.0,0.0,0.03,30.0,"{""Other rewards""}","50% off your first Lands' End Credit Card purchase at landsend.com at time of account opening; 5 points for every $1 spent on landsend.com or Lands' End store purchases; 2 points for every $1 spent on qualifying purchases at gas stations, travel, or resta","{""Contactless Payments"",""Chip card"",""Mobile wallet provisioning (for example, Apple Pay)""}",https://d.comenity.net/ac/landsendvisa/public/credit-card-agreement,2025-12-31
comenity-capital-bank-good-sam-coast-to-coast-visa,Comenity Capital Bank,COMENITY,Good Sam Coast to Coast Visa,true,National,,false,false,"{""2"",""3""}",2,true,,,0.3499,0.2749,0.2149,0.0999,0.3499,0.0,6.0,,,,,0.3499,,,21.0,0.0,0.0,0.03,30.0,"{""Other rewards""}",5 points for every $1 spent at family of brands; 3 points for every $1 spent at private campgrounds and gas stations;  1 point for every $1 spent everywhere else Visa is accepted,"{""Contactless Payments"",""Chip card"",""Mobile wallet provisioning (for example, Apple Pay)""}",https://d.comenity.net/ac/coasttocoast/public/credit-card-agreement,2025-12-31
comenity-capital-bank-worldwide-vacation-travel-mastercard,Comenity Capital Bank,COMENITY,Worldwide Vacation & Travel Mastercard,true,National,,false,false,"{""2"",""3""}",2,true,,,0.3424,0.2999,0.2949,0.0999,0.3424,,,,,,,0.3424,,,25.0,0.0,0.0,0.0,30.0,"{""Other rewards""}","Earn 3 points for every $1 spent on Worldwide Vacation & Travel purchases; Earn 2 points for every $1 spent at gas stations and on purchases at restaurants; Earn 1 point for every $1 spent everywhere else Mastercard is accepted; Receive 5,000 Bonus Points","{""Contactless Payments"",""Chip card"",""Fee-free foreign transactions"",""Mobile wallet provisioning (for example, Apple Pay)""}",https://d.comenity.net/ac/worldwidevacation/public/credit-card-agreement,2025-12-31
comenity-capital-bank-toyota-rewards-visa,Comenity Capital Bank,COMENITY,Toyota Rewards Visa,true,National,,false,false,"{""2"",""3""}",2,true,,,0.3424,0.2224,0.1974,0.0999,0.3424,,,,,,,0.3424,,,21.0,0.0,0.0,0.03,30.0,"{""Other rewards""}","5 points per dollar spent at participating Toyota Dealerships; 2 points per dollar spent on gas & entertainment purchases; 1 point per dollar on all other Visa purchases; 5,000 points when you spend $500+ outside of Toyota within the first 90 days of acco","{""Contactless Payments"",""Chip card"",""Mobile wallet provisioning (for example, Apple Pay)""}",https://d.comenity.net/ac/toyotarewardsvisa/public/credit-card-agreement,2025-12-31
comenity-capital-bank-lexus-pursuits-visa,Comenity Capital Bank,COMENITY,Lexus Pursuits Visa,true,National,,false,false,"{""2"",""3""}",2,true,,,0.3424,0.2024,0.1974,0.0999,0.3424,,,,,,,0.3424,,,21.0,0.0,0.0,0.0,30.0,"{""Other rewards""}","5 points per dollar spent at participating Lexus Dealerships; 2 points per dollar spent on gas & entertainment purchases; 1 point per dollar on all other Visa purchases; 5,000 points when you spend $500+ outside of Toyota within the first 90 days of accou","{""Contactless Payments"",""Chip card"",""Fee-free foreign transactions"",""Mobile wallet provisioning (for example, Apple Pay)""}",https://d.comenity.net/ac/lexuspursuitsvisa/public/credit-card-agreement,2025-12-31
comenity-capital-bank-nfl-extra-points-visa,Comenity Capital Bank,COMENITY,NFL Extra Points Visa,true,National,,false,false,"{""2"",""3""}",2,true,,,0.3224,0.2199,0.1774,0.0999,0.3224,,,,,,,0.3124,,,21.0,0.0,0.0,0.03,30.0,"{""Other rewards""}","3% in rewards on NFL and NFL team purchases; 2% in rewards on grocery store, food delivery, restaurants, gyms and sporting good store purchases; 1% in rewards on all other purchases; 20% off all NFLSHOP.com purchases; $100 statement credit when you spend","{""Contactless Payments"",""Chip card"",""Mobile wallet provisioning (for example, Apple Pay)""}",https://d.comenity.net/ac/nflvisa/public/credit-card-agreement,2025-12-31
comenity-capital-bank-nfl-green-bay-packers-extra-points-mastercard,Comenity Capital Bank,COMENITY,NFL Green Bay Packers Extra Points Mastercard,true,National,,false,false,"{""2"",""3""}",2,true,,,0.3224,0.1999,0.1774,0.0999,0.3224,,,,,,,0.3124,,,21.0,0.0,0.0,0.03,30.0,"{""Other rewards""}","3% in rewards on NFL and NFL team purchases; 2% in rewards on grocery store, food delivery, restaurants, gyms and sporting good store purchases; 1% in rewards on all other purchases; 20% off all NFLSHOP.com purchases; $100 statement credit when you spend","{""Contactless Payments"",""Chip card"",""Mobile wallet provisioning (for example, Apple Pay)""}",https://d.comenity.net/ac/greenbaymastercard/public/credit-card-agreement,2025-12-31
comenity-capital-bank-bread-cashback-american-express,Comenity Capital Bank,COMENITY,Bread Cashback American Express,true,National,,false,false,"{""2"",""3""}",2,true,,,0.3424,0.2224,0.1924,0.0999,0.3424,,,0.0,15.0,,,0.3424,,,21.0,0.0,0.0,0.0,30.0,"{""Cashback rewards"",""Other rewards""}","Earn 2% unlimited cash back on purchases when you use your Bread Cashback Card.¹ No rewards caps, opt-ins or categories to manage.","{""Contactless Payments"",""Chip card"",""Fee-free foreign transactions"",""Mobile wallet provisioning (for example, Apple Pay)""}",https://d.comenity.net/ac/breadcashback/public/credit-card-agreement,2025-12-31
community-resource-credit-union-memberselect-rewards-mastercard,Community Resource Credit Union,,MemberSelect Rewards MasterCard®,false,One State/Territory,TX,true,false,"{""2"",""3""}",2,true,,,0.1624,0.1524,0.1524,0.1624,0.1799,,,,,,,0.1799,0.02,,25.0,0.0,0.0,0.0,25.0,"{""Cashback rewards"",""Travel-related rewards"",""Other rewards""}","Merchandise purchases, gift cards, local offers, give to charity.","{""Chip card"",""Fee-free foreign transactions"",""Mobile wallet provisioning (for example, Apple Pay)""}",https://www.crcu.org/loans-and-credit-cards/credit-cards/member-select-rewards-mastercard,2025-12-31
communityamerica-federal-credit-union-platinum-low-rate,Communityamerica Federal Credit Union,,Platinum Low Rate,false,National,,true,false,"{""0"",""1"",""2""}",0,true,0.18,0.18,0.1799,0.1199,0.1199,0.1799,0.18,,,0.1799,12.0,0.03,5.0,,0.03,5.0,21.0,0.0,0.0,0.01,25.0,{},,"{""Contactless Payments"",""Chip card"",""Mobile wallet provisioning (for example, Apple Pay)""}",https://www.communityamerica.com,2025-12-31
cpm-federal-credit-union-myrate-visa-card,Cpm Federal Credit Union,,MyRate Visa Card,false,Regional,,true,false,"{""0"",""1"",""2"",""3""}",0,false,0.1699,0.1699,0.1399,0.1099,0.1099,0.1399,0.1699,0.0299,6.0,,,,,,,,22.0,0.0,0.0,0.01,,{},,"{""Contactless Payments"",""Chip card"",""Mobile wallet provisioning (for example, Apple Pay)""}",https://www.cpmfed.com/myvisa/,2025-12-31
credit-one-bank-omni-rewards-american-express,"Credit One Bank, National Association",,Omni Rewards American Express,true,National,,false,false,"{""3""}",3,true,,,,,0.2999,0.3024,0.3049,,,,,,,0.3224,,,24.0,0.0,0.0,0.0,29.0,"{""Cashback rewards""}",,"{""Contactless Payments"",""Chip card"",""Fee-free foreign transactions""}",https://www.creditone.com/credit-cards,2025-12-31
credit-one-bank-best-friends-credit-card,"Credit One Bank, National Association",,Best Friends Credit Card,true,National,,false,false,"{""3""}",3,true,,,,,0.2874,0.2924,0.2949,,,,,,,0.2924,,,24.0,0.0,0.0,0.0,29.0,"{""Cashback rewards""}",,"{""Contactless Payments"",""Chip card"",""Mobile wallet provisioning (for example, Apple Pay)""}",https://www.creditone.com/credit-cards,2025-12-31
credit-one-bank-vegas-golden-knights-credit-card,"Credit One Bank, National Association",,Vegas Golden Knights Credit Card,true,National,,false,false,"{""1"",""2""}",1,true,,,,,0.2874,0.2999,0.3049,,,,,,,0.3074,,,24.0,75.0,8.25,0.0,29.0,"{""Cashback rewards""}",,"{""Contactless Payments"",""Chip card"",""Mobile wallet provisioning (for example, Apple Pay)""}",https://www.creditone.com/credit-cards,2025-12-31
credit-one-bank-nascar-american-express-card,"Credit One Bank, National Association",,NASCAR American Express Card,true,National,,false,false,"{""2""}",2,true,,,,,0.2874,0.2999,0.3049,,,,,,,0.3074,,,24.0,39.0,0.0,0.0,29.0,"{""Cashback rewards""}",,"{""Contactless Payments"",""Chip card""}",https://www.creditone.com/credit-cards,2025-12-31
credit-one-bank-secured-card,"Credit One Bank, National Association",,Secured Card,true,National,,false,true,"{""1""}",1,true,,,,,0.2874,0.2999,0.3049,,,,,,,0.3074,,,24.0,0.0,0.0,0.0,29.0,"{""Cashback rewards""}",,"{""Contactless Payments"",""Chip card"",""Mobile wallet provisioning (for example, Apple Pay)""}",https://www.creditone.com/credit-cards,2025-12-31
credit-one-bank-platinum-visa,"Credit One Bank, National Association",,Platinum Visa,true,National,,false,false,"{""1"",""2""}",1,true,,,,,0.2874,0.2999,0.3049,,,,,,,0.3074,,,24.0,39.0,0.0,0.0,29.0,"{""Cashback rewards""}",,"{""Contactless Payments"",""Chip card"",""Mobile wallet provisioning (for example, Apple Pay)""}",https://www.creditone.com/credit-cards,2025-12-31
credit-one-bank-platinum-rewards-visa-with-no-annual-fee,"Credit One Bank, National Association",,Platinum Rewards Visa with No Annual Fee,true,National,,false,false,"{""2""}",2,true,,,,,0.2874,0.2999,0.3049,,,,,,,0.3074,,,24.0,0.0,0.0,0.0,29.0,"{""Cashback rewards""}",,"{""Contactless Payments"",""Chip card"",""Mobile wallet provisioning (for example, Apple Pay)""}",https://www.creditone.com/credit-cards,2025-12-31
credit-one-bank-wander-american-express-card,"Credit One Bank, National Association",,Wander American Express Card,true,National,,false,false,"{""1"",""2""}",1,true,,,,,0.2874,0.2999,0.3049,,,,,,,0.3074,,,24.0,95.0,0.0,0.0,29.0,"{""Cashback rewards"",""Travel-related rewards""}",,"{""Contactless Payments"",""Chip card"",""Fee-free foreign transactions""}",https://www.creditone.com/credit-cards,2025-12-31
credit-one-bank-platinum-visa-for-rebuilding-credit,"Credit One Bank, National Association",,Platinum Visa for Rebuilding Credit,true,National,,false,false,"{""1""}",1,true,,,,,0.2874,0.2999,0.3049,,,,,,,0.3074,,,24.0,75.0,8.25,0.0,29.0,"{""Cashback rewards""}",,"{""Contactless Payments"",""Chip card"",""Mobile wallet provisioning (for example, Apple Pay)""}",https://www.creditone.com/credit-cards,2025-12-31
credit-one-bank-premier-american-express-card,"Credit One Bank, National Association",,Premier American Express Card,true,National,,false,false,"{""1"",""2""}",1,true,,,,,0.2874,0.2999,0.3049,,,,,,,0.3074,,,24.0,39.0,0.0,0.0,29.0,"{""Cashback rewards""}",,"{""Contactless Payments"",""Chip card"",""Fee-free foreign transactions""}",https://www.creditone.com/credit-cards,2025-12-31
credit-one-bank-platinum-x5-visa,"Credit One Bank, National Association",,Platinum X5 Visa,true,National,,false,false,"{""1"",""2""}",1,true,,,,,0.2874,0.2999,0.3049,,,,,,,0.3074,,,24.0,95.0,0.0,0.0,29.0,"{""Cashback rewards""}",,"{""Contactless Payments"",""Chip card"",""Fee-free foreign transactions"",""Mobile wallet provisioning (for example, Apple Pay)""}",https://www.creditone.com/credit-cards,2025-12-31
credit-union-for-all-classic-visa-credit-card,"Credit Union For All, The",,Classic Visa Credit Card,false,National,,false,false,"{""0"",""1"",""2""}",0,false,0.1999,0.1999,0.1599,,0.1599,0.1599,0.1999,,,0.0299,12.0,,,0.1599,,,,0.0,0.0,0.0,25.0,"{""Travel-related rewards"",""Other rewards""}",scorecard reward program,"{""Contactless Payments"",""Chip card"",""Fee-free foreign transactions"",""Mobile wallet provisioning (for example, Apple Pay)""}",,2025-12-31
credit-union-for-all-platinum-visa-credit-card,"Credit Union For All, The",,Platinum Visa Credit Card,false,National,,false,false,"{""2"",""3""}",2,false,,,0.1099,0.0999,0.0999,0.1099,0.1099,,,0.0299,12.0,,,0.1099,,,30.0,0.0,0.0,0.0,25.0,"{""Travel-related rewards"",""Other rewards""}",,"{""Contactless Payments"",""Chip card"",""Fee-free foreign transactions"",""Mobile wallet provisioning (for example, Apple Pay)""}",,2025-12-31
credit-union-of-new-jersey-platinum-mastercard,Credit Union Of New Jersey,,Platinum Mastercard,false,National,,true,false,"{""2"",""3""}",2,true,0.1665,0.1665,0.1365,0.1265,0.1165,0.1365,0.18,0.0299,12.0,0.0299,12.0,0.02,10.0,0.1365,0.02,10.0,,0.0,0.0,0.01,25.0,{},,"{""Contactless Payments"",""Chip card"",""Mobile wallet provisioning (for example, Apple Pay)""}",https://www.cunj.com/,2025-12-31
cu-hawaii-federal-credit-union-cu-hawaii-classic-gold-platinum-mastercard,Cu Hawaii Federal Credit Union,,CU Hawaii Classic/Gold/Platinum MasterCard,false,One State/Territory,HI,true,false,"{""0"",""1"",""2"",""3""}",0,false,,,,,0.11,0.13,0.1725,,,,,,,0.13,,,25.0,0.0,0.0,0.0,,"{""Cashback rewards"",""Travel-related rewards""}",,"{""Contactless Payments"",""Chip card"",""Fee-free foreign transactions"",""Mobile wallet provisioning (for example, Apple Pay)""}",https://www.cuhawaii.com,2025-12-31
cyprus-federal-credit-union-visa-low-rate-variable,Cyprus Federal Credit Union,,VISA Low-Rate Variable,false,One State/Territory,UT,true,false,"{""0"",""1"",""2"",""3""}",0,true,0.18,0.18,0.1249,0.1049,0.1049,0.1249,0.18,0.0,6.0,0.0,6.0,,,0.1799,,,25.0,0.0,0.0,0.0,29.0,{},,"{""Contactless Payments"",""Chip card"",""Fee-free foreign transactions"",""Mobile wallet provisioning (for example, Apple Pay)""}",https://www.cypruscu.com,2025-12-31
dakotaland-federal-credit-union-cash-back-visa,Dakotaland Federal Credit Union,,Cash Back VISA,false,National,,true,false,"{""0"",""1"",""2"",""3""}",0,false,0.159,0.179,0.139,0.099,0.099,0.119,0.179,,,,,,,,,,25.0,0.0,0.0,0.01,,"{""Cashback rewards"",""Travel-related rewards"",""Other rewards""}",Catalog of merchandise or gift cards.,"{""Chip card"",""Mobile wallet provisioning (for example, Apple Pay)""}",https://www.dakotalandfcu.com,2025-12-31
del-one-federal-credit-union-student-rewards-visa,Del-One Federal Credit Union,,Student Rewards Visa,false,National,,true,false,"{""0"",""1"",""2"",""3""}",0,true,,0.18,0.1625,0.1325,0.1325,0.1625,0.18,0.0,6.0,0.0,6.0,,,,0.03,10.0,,0.0,0.0,0.01,35.0,"{""Cashback rewards"",""Other rewards""}",Uchoose rewards program through Visa.,"{""Contactless Payments"",""Chip card"",""Mobile wallet provisioning (for example, Apple Pay)""}",https://www.del-one.org,2025-12-31
del-one-federal-credit-union-rewards-visa,Del-One Federal Credit Union,,Rewards Visa,false,National,,true,false,"{""0"",""2"",""3""}",0,true,0.18,0.18,0.1625,0.1325,0.1325,0.1625,0.18,0.0,6.0,0.0,6.0,,,0.0,0.03,10.0,,0.0,0.0,0.01,35.0,"{""Cashback rewards"",""Other rewards""}",uChoose Rewards,"{""Contactless Payments"",""Chip card"",""Mobile wallet provisioning (for example, Apple Pay)""}",https://www.del-one.org/,2025-12-31
del-one-federal-credit-union-share-secured-visa,Del-One Federal Credit Union,,Share Secured Visa,false,National,,true,true,"{""0"",""1""}",0,false,,,,,0.159,0.159,0.159,,,,,,,0.159,0.03,10.0,,0.0,0.0,0.01,35.0,{},,"{""Contactless Payments"",""Chip card"",""Mobile wallet provisioning (for example, Apple Pay)""}",https://www.del-one.org/,2025-12-31
del-one-federal-credit-union-business-visa,Del-One Federal Credit Union,,Business Visa,false,National,,true,false,"{""2"",""3""}",2,false,,,,,0.159,0.159,0.159,,,,,,,0.159,0.03,10.0,,0.0,0.0,0.01,35.0,{},,"{""Contactless Payments"",""Chip card"",""Mobile wallet provisioning (for example, Apple Pay)""}",https://del-one.org,2025-12-31
delta-community-credit-union-visa-platinum-rewards,Delta Community Credit Union,,Visa Platinum Rewards,false,National,,false,false,"{""0"",""1"",""2"",""3""}",0,true,0.1725,0.1725,0.1525,0.1325,0.1325,0.1525,0.1725,,,,,,,,,,25.0,0.0,0.0,0.01,25.0,"{""Cashback rewards"",""Travel-related rewards"",""Other rewards""}","Gift cards, merchandise, charities","{""Contactless Payments"",""Chip card"",""Mobile wallet provisioning (for example, Apple Pay)"",""Other""}",https://www.deltacommunitycu.com,2025-12-31
destinations-credit-union-consumer-credit-card,Destinations Credit Union,,Consumer Credit Card,false,One State/Territory,MD,true,false,"{""1"",""2"",""3""}",1,false,,0.165,0.095,0.095,0.095,0.095,0.195,,,,,,,0.095,,,28.0,0.0,0.0,0.0125,25.0,{},,"{""Contactless Payments"",""Chip card""}",https://www.destinationscu.org,2025-12-31
down-east-credit-union-visa-platinum,Down East Credit Union,,Visa Platinum,false,One State/Territory,ME,true,false,"{""0"",""1"",""2"",""3""}",0,false,0.169,0.179,0.129,0.119,0.119,0.149,0.179,,,0.0,12.0,0.04,,0.149,,,25.0,0.0,0.0,0.01,32.0,{},,"{""Contactless Payments"",""Chip card"",""Fee-free foreign transactions"",""Mobile wallet provisioning (for example, Apple Pay)""}",https://www.downeastcu.com/lending/credit-card/,2025-12-31
eastrise-federal-credit-union-visa-credit-card,Eastrise Federal Credit Union,,Visa Credit Card,false,National,,false,false,"{""0"",""1"",""2"",""3""}",0,true,0.18,0.18,0.1725,0.135,0.11,0.165,0.18,,,0.0199,12.0,,,,,,25.0,0.0,0.0,0.01,,"{""Cashback rewards""}",,"{""Contactless Payments"",""Chip card"",""Mobile wallet provisioning (for example, Apple Pay)""}",https://www.eastrise.com/personal/credit-cards/,2025-12-31
educators-credit-union-visa-signature,Educators Credit Union,,Visa Signature,false,One State/Territory,WI,true,false,"{""2"",""3""}",2,true,,0.2125,0.1725,0.1425,0.1425,0.1725,0.2125,,,,,,,,,,26.0,0.0,0.0,0.0,25.0,"{""Cashback rewards""}",,"{""Contactless Payments"",""Chip card"",""Fee-free foreign transactions"",""Mobile wallet provisioning (for example, Apple Pay)"",""Other""}",https://www.ecu.com,2025-12-31
educators-credit-union-visa-platinum,Educators Credit Union,,Visa Platinum,false,One State/Territory,WI,true,false,"{""0"",""1"",""2"",""3""}",0,false,,0.209,0.149,0.109,0.109,0.149,0.209,,,,,,,0.149,,,26.0,0.0,0.0,0.0,25.0,"{""Cashback rewards"",""Travel-related rewards"",""Other rewards""}",Merchandise and discounts on Educators Products and Services.,"{""Contactless Payments"",""Chip card"",""Fee-free foreign transactions"",""Mobile wallet provisioning (for example, Apple Pay)"",""Other""}",https://www.ecu.com,2025-12-31
electel-cooperative-federal-credit-union-credit-card,Electel Cooperative Federal Credit Union,,Credit Card,false,National,,true,false,"{""0""}",0,false,0.139,0.159,0.119,0.099,0.099,0.139,0.179,,,,,,,,,,25.0,0.0,0.0,0.01,,{},,"{""Contactless Payments"",""Chip card""}",https://electel.org,2025-12-31
elevations-credit-union-visa-signature-cash-rewards-visa-signature-travel-reward,Elevations Credit Union,,"Visa Signature Cash Rewards, Visa Signature Travel Rewards, Go Buffs Visa Signature",false,One State/Territory,CO,true,false,"{""2"",""3""}",2,true,,,0.21,0.1824,0.1824,0.2024,0.21,0.0,12.0,0.0,12.0,0.03,,,,,,49.0,0.0,0.01,15.0,"{""Cashback rewards"",""Travel-related rewards"",""Other rewards""}",Discounts on certain items sold through the University of Colorado,"{""Contactless Payments"",""Chip card"",""Mobile wallet provisioning (for example, Apple Pay)""}",https://www.elevationscu.com/personal/credit-cards,2025-12-31
elevations-credit-union-visa-rewards-visa-buff-one-visa,Elevations Credit Union,,"Visa Rewards, Visa, Buff One Visa",false,One State/Territory,CO,false,false,"{""2"",""3""}",2,true,,,0.1674,0.1274,0.1174,0.1661,0.21,,12.0,,12.0,0.03,,,,,,0.0,0.0,0.01,15.0,"{""Cashback rewards"",""Travel-related rewards""}",,"{""Contactless Payments"",""Chip card"",""Mobile wallet provisioning (for example, Apple Pay)""}",https://www.elevationscu.com/personal/credit-cards,2025-12-31
empower-blue-credit-union-visa-credit-card,Empower Blue Credit Union,,VISA Credit Card,false,National,,true,false,"{""1""}",1,true,,,,,0.04,0.11,0.18,,,,,,,0.11,,,,0.0,0.0,0.02,10.0,"{""Travel-related rewards"",""Other rewards""}",gift cards,"{""Contactless Payments"",""Chip card"",""Mobile wallet provisioning (for example, Apple Pay)""}",,2025-12-31
evolve-bank-trust-mastercard-consumer-credit-card,Evolve Bank & Trust,,Mastercard Consumer Credit Card,false,National,,false,false,"{""1""}",1,true,,,,,0.2949,0.2949,0.2949,,,,,,,0.3149,0.03,,23.0,99.0,0.0,0.01,40.0,"{""Cashback rewards""}",,"{""Contactless Payments"",""Chip card"",""Mobile wallet provisioning (for example, Apple Pay)""}",http://Sparrowcard.com,2025-12-31
farm-bureau-bank-fsb-farm-bureau-member-rewards-mastercard-platinum,Farm Bureau Bank Fsb,,Farm Bureau Member Rewards Mastercard - Platinum,false,National,,false,false,"{""3""}",3,true,,,,,0.1674,0.1799,0.2999,0.0,9.0,,,,,0.2899,,,25.0,0.0,0.0,0.0,35.0,"{""Cashback rewards""}",,"{""Contactless Payments"",""Chip card"",""Mobile wallet provisioning (for example, Apple Pay)""}",https://www.farmbureau.bank/Personal/Personal-Cards/Credit-Cards,2025-12-31
fifth-third-bank-fifth-third-1-cash-back,"Fifth Third Bank, National Association",,Fifth Third 1% Cash/Back,true,Regional,,false,false,"{""3""}",3,true,,,0.2949,0.2049,0.2049,0.2649,0.2949,0.0,15.0,0.0,15.0,0.04,5.0,0.2874,0.05,10.0,23.0,0.0,0.0,0.0,30.0,"{""Cashback rewards""}",,"{""Contactless Payments"",""Chip card"",""Fee-free foreign transactions"",""Mobile wallet provisioning (for example, Apple Pay)""}",https://www.53.com/content/fifth-third/en/personal-banking/bank/credit-cards/fifth-third-one-percent-cash-back.html,2025-12-31
fifth-third-bank-fifth-third-1-67-cash-back-2-preferred-cash-back,"Fifth Third Bank, National Association",,Fifth Third 1.67% Cash/Back & 2% Preferred Cash/Back,true,Regional,,false,false,"{""3""}",3,true,,,0.2899,0.1999,0.1899,0.2599,0.2899,,,0.0,12.0,0.04,5.0,0.2874,0.05,10.0,23.0,0.0,0.0,0.0,30.0,"{""Cashback rewards""}",,"{""Contactless Payments"",""Chip card"",""Fee-free foreign transactions"",""Mobile wallet provisioning (for example, Apple Pay)""}",https://www.53.com/content/fifth-third/en/personal-banking/bank/credit-cards.html,2025-12-31
fifth-third-bank-fifth-third-employee-credit-card,"Fifth Third Bank, National Association",,Fifth Third Employee Credit Card,true,Regional,,false,false,"{""3""}",3,true,,,,,0.0899,0.0899,0.0899,,,,,0.04,5.0,0.2199,0.05,10.0,23.0,0.0,0.0,0.03,30.0,"{""Cashback rewards""}",,"{""Contactless Payments"",""Chip card"",""Mobile wallet provisioning (for example, Apple Pay)""}",,2025-12-31
fifth-third-bank-fifth-third-secured-credit-card,"Fifth Third Bank, National Association",,Fifth Third Secured Credit Card,true,Regional,,false,true,"{""0"",""2""}",0,true,,,,,0.2774,0.2774,0.2774,,,,,0.04,5.0,0.2874,0.05,10.0,23.0,24.0,0.0,0.03,30.0,{},,"{""Contactless Payments"",""Chip card"",""Mobile wallet provisioning (for example, Apple Pay)""}",https://www.53.com/content/fifth-third/en/personal-banking/bank/credit-cards/secured-card.html,2025-12-31
fifth-third-bank-fifth-third-private-bank-credit-card,"Fifth Third Bank, National Association",,Fifth Third Private Bank Credit Card,true,Regional,,false,false,"{""3""}",3,true,,,,,0.1299,0.1299,0.1299,,,,,0.04,5.0,0.2499,0.05,10.0,23.0,0.0,0.0,0.0,30.0,"{""Cashback rewards""}",,"{""Contactless Payments"",""Chip card"",""Fee-free foreign transactions"",""Mobile wallet provisioning (for example, Apple Pay)""}",https://www.53.com/content/fifth-third/en/wealth-management/private-banking/credit-card.html,2025-12-31
first-american-bank-and-trust-visa-mastercard,First American Bank And Trust,,"Visa, Mastercard",false,One State/Territory,LA,true,false,"{""0"",""1"",""2"",""3""}",0,false,,,,,0.225,0.225,0.225,,,,,,,0.225,0.04,20.0,,0.0,0.0,0.01,15.0,"{""Other rewards""}",,"{""Chip card""}",https://www.mycardstatement.com,2025-12-31
first-american-credit-union-first-american-credit-union-mastercard-rewards-card,First American Credit Union,,First American Credit Union MasterCard Rewards Card,false,Regional,,true,true,"{""1""}",1,false,,0.1749,0.0999,0.0749,0.0399,0.0999,0.1899,,12.0,,12.0,,,,,,25.0,25.0,0.0,0.01,25.0,"{""Cashback rewards""}",,"{""Contactless Payments"",""Chip card""}",,2025-12-31
first-electronic-bank-h-e-b-visa-signature-credit-card,First Electronic Bank,,H-E-B Visa Signature® Credit Card,false,Regional,,false,false,"{""0""}",0,true,,0.2999,0.2999,0.2624,0.1674,0.2846,0.2999,,,,,,,,,,21.0,0.0,0.0,0.0,27.0,"{""Cashback rewards""}",,"{""Contactless Payments"",""Chip card"",""Mobile wallet provisioning (for example, Apple Pay)""}",https://www.heb-credit.com/,2025-12-31
first-federal-credit-union-visa-premium,First Federal Credit Union,,Visa Premium,false,Regional,,true,false,"{""2"",""3""}",2,false,,,,,,,,,,,,,,0.1199,0.02,,25.0,0.0,0.0,0.01,10.0,"{""Cashback rewards""}",,"{""Contactless Payments"",""Chip card"",""Mobile wallet provisioning (for example, Apple Pay)""}",http://firstfedcu.com,2025-12-31
first-national-bank-of-omaha-scheels-secured-visa-card,First National Bank Of Omaha,FNBO,Scheels® Secured Visa® Card,true,National,,false,true,"{""1"",""2"",""3""}",1,true,,,,,0.2649,0.2699,0.2699,,,,,0.05,,0.2899,0.05,,21.0,35.0,0.0,0.03,29.0,"{""Other rewards""}",Scheels Gift Cards,"{""Contactless Payments"",""Chip card"",""Mobile wallet provisioning (for example, Apple Pay)"",""Other""}",https://www.card.fnbo.com/landing/scheels/scheels-secured,2025-12-31
first-national-bank-of-omaha-secured-visa-card,First National Bank Of Omaha,FNBO,Secured Visa ® Card,true,National,,false,true,"{""1"",""2"",""3""}",1,true,,,,,0.2849,0.2899,0.2899,,,,,0.05,,0.2899,0.05,,21.0,0.0,0.0,0.03,29.0,{},,"{""Contactless Payments"",""Chip card"",""Mobile wallet provisioning (for example, Apple Pay)"",""Other""}",https://www.fnbo.com/terms/cardmember-agreements,2025-12-31
first-national-bank-of-omaha-secured-mastercard,First National Bank Of Omaha,FNBO,Secured Mastercard®,true,National,,false,true,"{""1"",""2"",""3""}",1,true,,,,,0.2849,0.2899,0.2899,,,,,0.05,,0.2899,0.05,,21.0,0.0,0.0,0.03,29.0,{},,"{""Contactless Payments"",""Chip card"",""Mobile wallet provisioning (for example, Apple Pay)"",""Other""}",https://www.fnbo.com/terms/cardmember-agreements,2025-12-31
first-national-bank-of-omaha-fnbo-rewards-secured-visa-card,First National Bank Of Omaha,FNBO,FNBO Rewards Secured Visa® Card,true,Regional,,false,true,"{""1"",""2"",""3""}",1,true,,,,,0.2399,0.2449,0.2449,,,,,0.05,,0.2874,0.05,,21.0,0.0,0.0,0.03,29.0,"{""Other rewards""}","Cash Back, Gift Cards, Merchandise, Travel, Other","{""Contactless Payments"",""Chip card"",""Mobile wallet provisioning (for example, Apple Pay)"",""Other""}",https://www.fnbo.com/personal-banking/credit-cards/,2025-12-31
first-national-bank-of-omaha-speedy-rewards-secured-mastercard,First National Bank Of Omaha,FNBO,Speedy Rewards Secured ® Mastercard®,true,National,,false,true,"{""1"",""2"",""3""}",1,true,,,,,0.3099,0.3099,0.3099,,,,,0.05,,0.2924,0.05,,21.0,30.0,0.0,0.03,29.0,"{""Other rewards""}",Speedy Rewards Program,"{""Contactless Payments"",""Chip card"",""Mobile wallet provisioning (for example, Apple Pay)"",""Other""}",https://www.card.fnbo.com/landing/speedway/secured,2025-12-31
first-national-bank-of-omaha-seiusm-visa-secured-card,First National Bank Of Omaha,FNBO,SEIUSM Visa® Secured Card,true,National,,true,true,"{""1"",""2"",""3""}",1,true,,,,,0.2374,0.2424,0.2424,,,,,0.05,,0.2874,0.05,,21.0,0.0,0.0,0.03,29.0,{},,"{""Contactless Payments"",""Chip card"",""Mobile wallet provisioning (for example, Apple Pay)"",""Other""}",https://www.seiumb.com/benefits/seiu-visa-secured-card,2025-12-31
first-national-bank-of-omaha-universal-rewards-plus-visa-signature,First National Bank Of Omaha,FNBO,Universal Rewards Plus Visa Signature,true,National,,false,false,"{""1"",""2"",""3""}",1,true,,0.0999,0.2899,0.2374,0.2149,0.2849,0.2899,,,,,0.05,,0.2899,0.05,,21.0,99.0,0.0,0.03,29.0,"{""Other rewards""}","Universal Prepaid Gift Cards, Universal Rewards Program","{""Contactless Payments"",""Chip card"",""Mobile wallet provisioning (for example, Apple Pay)"",""Other""}",https://www.universalorlando.com/web/en/us/universal-rewards-visa?partnerMarketingCode=uocmsite https://www.universalstudioshollywood.com/web/en/us/universal-rewards-visa?partnerMarketingCode=shfooter,2025-12-31
first-national-bank-of-omaha-universal-rewards-visa-signature,First National Bank Of Omaha,FNBO,Universal Rewards Visa Signature,true,National,,false,false,"{""1"",""2"",""3""}",1,true,,0.2899,0.2899,0.2349,0.2149,0.2399,0.2899,,,,,0.05,,0.2899,0.05,,21.0,0.0,0.0,0.03,29.0,"{""Other rewards""}","Other Universal Prepaid Gift Cards, Universal Rewards Program","{""Contactless Payments"",""Chip card"",""Mobile wallet provisioning (for example, Apple Pay)"",""Other""}",https://www.universalorlando.com/web/en/us/universal-rewards-visa?partnerMarketingCode=uocmsite https://www.universalstudioshollywood.com/web/en/us/universal-rewards-visa?partnerMarketingCode=shfooter,2025-12-31
first-national-bank-of-omaha-scheels-visa-card,First National Bank Of Omaha,FNBO,Scheels® Visa® Card,true,National,,false,false,"{""1"",""2"",""3""}",1,true,,,,,0.2649,0.2674,0.2699,,,,,0.05,,0.2874,0.05,,21.0,0.0,0.0,0.03,29.0,"{""Other rewards""}",Scheels Gift Cards,"{""Contactless Payments"",""Chip card"",""Mobile wallet provisioning (for example, Apple Pay)"",""Other""}",https://www.scheels.com/visacard,2025-12-31
first-national-bank-of-omaha-runnings-mastercard,First National Bank Of Omaha,FNBO,Runnings Mastercard®,true,National,,false,false,"{""1"",""2"",""3""}",1,true,,,,,0.2649,0.2674,0.2699,,,,,0.05,,0.2849,0.05,,21.0,0.0,0.0,0.03,29.0,"{""Other rewards""}",Runnings Gift Cards,"{""Contactless Payments"",""Chip card"",""Mobile wallet provisioning (for example, Apple Pay)"",""Other""}",https://www.runnings.com/mastercard,2025-12-31
first-national-bank-of-omaha-northern-tool-mastercard,First National Bank Of Omaha,FNBO,Northern Tool Mastercard®,true,National,,false,false,"{""1"",""2"",""3""}",1,true,,,,,0.2649,0.2699,0.2699,,,,,0.05,,0.2899,0.05,,21.0,0.0,0.0,0.03,29.0,"{""Other rewards""}",Northern Tool Gift Cards,"{""Contactless Payments"",""Chip card"",""Mobile wallet provisioning (for example, Apple Pay)"",""Other""}",https://www.northerntool.com/credit-options,2025-12-31
first-national-bank-of-omaha-ram-driveplus-sm-mastercard,First National Bank Of Omaha,FNBO,Ram DrivePlus SM Mastercard®,true,National,,false,false,"{""1"",""2"",""3""}",1,true,,0.0999,0.2974,0.2574,0.2524,0.2574,0.3024,,,,,0.05,,0.2999,0.05,,21.0,0.0,0.0,0.03,29.0,"{""Other rewards""}","Dealership Redemption Prepaid Mastercard®, Cash Back, Gift Cards, Merchandise, Travel, Other","{""Contactless Payments"",""Chip card"",""Mobile wallet provisioning (for example, Apple Pay)"",""Other""}",https://www.card.fnbo.com/ram,2025-12-31
first-national-bank-of-omaha-mopar-driveplussm-mastercard,First National Bank Of Omaha,FNBO,Mopar® DrivePlusSM Mastercard®,true,National,,false,false,"{""1"",""2"",""3""}",1,true,,0.0999,0.2999,0.2574,0.2524,0.2574,0.3024,,,,,0.05,,0.3024,0.05,,21.0,0.0,0.0,0.03,29.0,"{""Other rewards""}","Dealership Redemption Prepaid Mastercard®, Cash Back, Gift Cards, Merchandise, Travel, Other","{""Contactless Payments"",""Chip card"",""Mobile wallet provisioning (for example, Apple Pay)"",""Other""}",https://www.card.fnbo.com/mopar,2025-12-31
first-national-bank-of-omaha-jeep-rewards-mastercard,First National Bank Of Omaha,FNBO,Jeep® Rewards Mastercard®,true,National,,false,false,"{""1"",""2"",""3""}",1,true,,0.0999,0.2999,0.2674,0.2624,0.2799,0.3024,,,,,0.05,,0.2999,0.05,,21.0,0.0,0.0,0.03,29.0,"{""Other rewards""}","Dealership Redemption Prepaid Mastercard®, Cash Back, Gift Cards, Merchandise, Travel, Other","{""Contactless Payments"",""Chip card"",""Mobile wallet provisioning (for example, Apple Pay)"",""Other""}",https://www.card.fnbo.com/jeep,2025-12-31
first-national-bank-of-omaha-fiat-driveplus-sm-mastercard,First National Bank Of Omaha,FNBO,FIAT DrivePlus SM Mastercard®,true,National,,false,false,"{""1"",""2"",""3""}",1,true,,0.0999,0.2999,0.2549,0.2524,0.2549,0.2999,,,,,0.05,,0.2999,0.05,,21.0,0.0,0.0,0.03,29.0,"{""Other rewards""}","Dealership Redemption Prepaid Mastercard®, Cash Back, Gift Cards, Merchandise, Travel, Other","{""Contactless Payments"",""Chip card"",""Mobile wallet provisioning (for example, Apple Pay)"",""Other""}",https://www.card.fnbo.com/fiat,2025-12-31
first-national-bank-of-omaha-dodge-driveplus-sm-mastercard,First National Bank Of Omaha,FNBO,Dodge DrivePlus SM Mastercard®,true,National,,false,false,"{""1"",""2"",""3""}",1,true,,0.0999,0.2974,0.2549,0.2524,0.2574,0.3024,,,,,0.05,,0.2999,0.05,,21.0,0.0,0.0,0.03,29.0,"{""Other rewards""}","Dealership Redemption Prepaid Mastercard®, Cash Back, Gift Cards, Merchandise, Travel, Other","{""Contactless Payments"",""Chip card"",""Mobile wallet provisioning (for example, Apple Pay)"",""Other""}",https://www.card.fnbo.com/dodge,2025-12-31
first-national-bank-of-omaha-chrysler-driveplussm-mastercard,First National Bank Of Omaha,FNBO,Chrysler DrivePlusSM Mastercard®,true,National,,false,false,"{""1"",""2"",""3""}",1,true,,0.2549,0.2987,0.2549,0.2524,0.2549,0.3024,,,,,0.05,,0.2999,0.05,,21.0,0.0,0.0,0.03,29.0,"{""Other rewards""}","Dealership Redemption Prepaid Mastercard®, Cash Back, Gift Cards, Merchandise, Travel, Other","{""Contactless Payments"",""Chip card"",""Mobile wallet provisioning (for example, Apple Pay)"",""Other""}",https://www.card.fnbo.com/chrysler,2025-12-31
first-national-bank-of-omaha-coastal-rewards-mastercard,First National Bank Of Omaha,FNBO,Coastal Rewards Mastercard®,true,National,,false,false,"{""1"",""2"",""3""}",1,true,,,,,0.2649,0.2674,0.2699,,,,,0.05,,0.2899,0.05,,21.0,0.0,0.0,0.03,29.0,"{""Other rewards""}",CAL Ranch and Coastal Gift Cards,"{""Contactless Payments"",""Chip card"",""Mobile wallet provisioning (for example, Apple Pay)"",""Other""}",https://www.card.fnbo.com/landing/coastal/lto,2025-12-31
first-national-bank-of-omaha-c-a-l-ranch-rewards-mastercard,First National Bank Of Omaha,FNBO,C-A-L Ranch Rewards Mastercard®,true,National,,false,false,"{""1"",""2"",""3""}",1,true,,,,,0.2649,0.2674,0.2699,,,,,0.05,,0.2899,0.05,,21.0,0.0,0.0,0.03,29.0,"{""Other rewards""}",CAL Ranch and Coastal Gift Cards,"{""Contactless Payments"",""Chip card"",""Mobile wallet provisioning (for example, Apple Pay)"",""Other""}",https://www.card.fnbo.com/landing/cal-ranch/lto,2025-12-31
first-national-bank-of-omaha-blain-s-farm-and-fleet-rewards-mastercard,First National Bank Of Omaha,FNBO,Blain's Farm and Fleet Rewards MasterCard®,true,National,,true,false,"{""1"",""2"",""3""}",1,true,,,,,0.2524,0.2574,0.2574,,,,,0.05,,0.2574,0.05,,21.0,0.0,0.0,0.03,29.0,"{""Other rewards""}",Blain's Rewards Program,"{""Contactless Payments"",""Chip card"",""Mobile wallet provisioning (for example, Apple Pay)"",""Other""}",https://www.farmandfleet.com/mastercard/,2025-12-31
first-national-bank-of-omaha-maximum-rewards-visa-signature-card,First National Bank Of Omaha,FNBO,Maximum Rewards Visa Signature® Card,true,National,,false,false,"{""1"",""2"",""3""}",1,true,,0.2899,0.2899,0.2399,0.2349,0.2399,0.2899,0.0,6.0,0.0,6.0,0.05,,0.2899,0.05,,21.0,0.0,0.0,0.03,29.0,"{""Other rewards""}","Cash Back, Gift Cards, Merchandise, Travel, Other","{""Contactless Payments"",""Chip card"",""Mobile wallet provisioning (for example, Apple Pay)"",""Other""}",https://www.fnbo.com/terms/cardmember-agreements,2025-12-31
first-national-bank-of-omaha-platinum-edition-visa-card,First National Bank Of Omaha,FNBO,Platinum Edition Visa® Card,true,National,,false,false,"{""1"",""2"",""3""}",1,true,,0.2899,0.2899,0.1899,0.1849,0.2874,0.2899,0.0,6.0,0.0,6.0,0.05,,0.2899,0.05,,21.0,0.0,0.0,0.03,29.0,{},,"{""Contactless Payments"",""Chip card"",""Mobile wallet provisioning (for example, Apple Pay)"",""Other""}",https://www.fnbo.com/terms/cardmember-agreements,2025-12-31
first-national-bank-of-omaha-maximum-rewards-world-mastercard,First National Bank Of Omaha,FNBO,Maximum Rewards World Mastercard®,true,National,,false,false,"{""1"",""2"",""3""}",1,true,,0.0999,0.2874,0.2399,0.2349,0.2399,0.2899,0.0,6.0,0.0,6.0,0.05,,0.2899,0.05,,21.0,0.0,0.0,0.03,29.0,"{""Other rewards""}","Cash Back, Gift Cards, Merchandise, Travel, Other","{""Contactless Payments"",""Chip card"",""Mobile wallet provisioning (for example, Apple Pay)"",""Other""}",https://www.fnbo.com/terms/cardmember-agreements,2025-12-31
first-national-bank-of-omaha-platinum-edition-mastercard,First National Bank Of Omaha,FNBO,Platinum Edition Mastercard®,true,National,,false,false,"{""1"",""2"",""3""}",1,true,,0.0999,0.2874,0.1899,0.1874,0.1899,0.2899,0.0,6.0,0.0,6.0,0.05,,0.2899,0.05,,21.0,0.0,0.0,0.03,29.0,{},,"{""Contactless Payments"",""Chip card"",""Mobile wallet provisioning (for example, Apple Pay)"",""Other""}",https://www.fnbo.com/terms/cardmember-agreements,2025-12-31
first-national-bank-of-omaha-greenselect-credit-card,First National Bank Of Omaha,FNBO,GreenSelect℠ Credit Card,true,Regional,,false,false,"{""1"",""2"",""3""}",1,true,,0.2599,0.2599,0.1599,0.1549,0.2574,0.2599,0.0,18.0,0.0,18.0,0.05,,0.2899,0.05,,21.0,0.0,0.0,0.03,29.0,{},,"{""Contactless Payments"",""Chip card"",""Mobile wallet provisioning (for example, Apple Pay)"",""Other""}",https://www.fnbo.com/personal-banking/credit-cards/,2025-12-31
first-national-bank-of-omaha-getawaysm-mastercard,First National Bank Of Omaha,FNBO,GetawaySM Mastercard®,true,Regional,,false,false,"{""1"",""2"",""3""}",1,true,,0.2824,0.2799,0.2024,0.1974,0.2499,0.2824,0.0,12.0,0.0,12.0,0.05,,0.2874,0.05,,21.0,0.0,0.0,0.0,29.0,"{""Other rewards""}","Cash Back, Gift Cards, Merchandise, Travel, Other","{""Contactless Payments"",""Chip card"",""Fee-free foreign transactions"",""Mobile wallet provisioning (for example, Apple Pay)"",""Other""}",https://www.fnbo.com/personal-banking/credit-cards/,2025-12-31
first-national-bank-of-omaha-evergreen-visa-card,First National Bank Of Omaha,FNBO,Evergreen® Visa® Card,true,Regional,,false,false,"{""1"",""2"",""3""}",1,true,,0.2824,0.2799,0.2024,0.1974,0.2524,0.2824,,,,,0.05,,0.2874,0.05,,21.0,0.0,0.0,0.03,29.0,"{""Other rewards""}","Cash Back, Gift Cards, Merchandise, Other","{""Contactless Payments"",""Chip card"",""Mobile wallet provisioning (for example, Apple Pay)"",""Other""}",https://www.fnbo.com/personal-banking/credit-cards/,2025-12-31
first-national-bank-of-omaha-jal-usa-mastercard,First National Bank Of Omaha,FNBO,JAL USA Mastercard®,true,National,,true,false,"{""1"",""2"",""3""}",1,true,,,,,0.2374,0.2424,0.2424,,,,,0.05,,0.2949,0.05,,21.0,0.0,0.0,0.0,29.0,"{""Other rewards""}",JMB Program,"{""Contactless Payments"",""Chip card"",""Fee-free foreign transactions"",""Mobile wallet provisioning (for example, Apple Pay)"",""Other""}",https://www.jalusacard.com/en/,2025-12-31
first-national-bank-of-omaha-jal-usa-mastercard-2,First National Bank Of Omaha,FNBO,JAL USA Mastercard®,true,National,,true,false,"{""1"",""2"",""3""}",1,true,,,,,0.2374,0.2424,0.2424,,,,,0.05,,0.2949,0.05,,21.0,35.0,0.0,0.0,29.0,"{""Other rewards""}",JMB Program,"{""Contactless Payments"",""Chip card"",""Fee-free foreign transactions"",""Mobile wallet provisioning (for example, Apple Pay)"",""Other""}",https://www.jalusacard.com/en/,2025-12-31
first-national-bank-of-omaha-mary-kay-rewards-visa-card,First National Bank Of Omaha,FNBO,Mary Kay® Rewards Visa® Card,true,National,,true,false,"{""1"",""2"",""3""}",1,true,,,,,0.2649,0.2699,0.2699,0.0,6.0,0.0,6.0,0.05,,0.2924,0.05,,21.0,0.0,0.0,0.03,29.0,"{""Other rewards""}","Cash Back, Gift Cards, Merchandise, Travel, Other","{""Contactless Payments"",""Chip card"",""Mobile wallet provisioning (for example, Apple Pay)"",""Other""}",https://www.card.fnbo.com/landing/mary-kay/intouch,2025-12-31
first-national-bank-of-omaha-yale-mastercard,First National Bank Of Omaha,FNBO,Yale Mastercard®,true,National,,false,false,"{""1"",""2"",""3""}",1,true,,,,,0.2399,0.2424,0.2424,,,,,0.05,,0.2874,0.05,,21.0,0.0,0.0,0.0,29.0,"{""Other rewards""}","Cash Back, Gift Cards, Merchandise, Travel Complete Rewards program, Other","{""Contactless Payments"",""Chip card"",""Fee-free foreign transactions"",""Mobile wallet provisioning (for example, Apple Pay)"",""Other""}",https://www.card.fnbo.com/landing/yale,2025-12-31
first-national-bank-of-omaha-wawa-mastercard,First National Bank Of Omaha,FNBO,Wawa Mastercard®,true,National,,false,false,"{""1"",""2"",""3""}",1,true,,,,,0.3049,0.3099,0.3099,,,,,0.05,,0.3099,0.05,,21.0,0.0,0.0,0.03,29.0,"{""Other rewards""}","Wawa gift card, Gas Discount","{""Contactless Payments"",""Chip card"",""Mobile wallet provisioning (for example, Apple Pay)"",""Other""}",https://www.wawa.com/wawa-credit-card,2025-12-31
first-national-bank-of-omaha-webstaurant-rewards-visa-card,First National Bank Of Omaha,FNBO,Webstaurant Rewards Visa® Card,true,National,,true,false,"{""1"",""2"",""3""}",1,true,,,,,0.2674,0.2724,0.2724,,,,,0.05,,0.2724,0.05,,21.0,0.0,0.0,0.03,29.0,"{""Other rewards""}",Webstaurant Store Program,"{""Contactless Payments"",""Chip card"",""Mobile wallet provisioning (for example, Apple Pay)"",""Other""}",https://www.webstaurantstore.com/rewards/,2025-12-31
first-national-bank-of-omaha-the-restaurant-store-visa-card,First National Bank Of Omaha,FNBO,The Restaurant Store Visa® Card,true,National,,true,false,"{""1"",""2"",""3""}",1,true,,,,,0.2674,0.2724,0.2724,,,,,0.05,,0.2724,0.05,,21.0,0.0,0.0,0.03,29.0,"{""Other rewards""}",The Restaurant Store Program,"{""Contactless Payments"",""Chip card"",""Mobile wallet provisioning (for example, Apple Pay)"",""Other""}",https://www.therestaurantstore.com/creditcard,2025-12-31
first-national-bank-of-omaha-speedy-rewards-mastercard,First National Bank Of Omaha,FNBO,Speedy Rewards ® Mastercard®,true,National,,false,false,"{""1"",""2"",""3""}",1,true,,,,,0.3049,0.3099,0.3099,,,,,0.05,,0.2924,0.05,,21.0,0.0,0.0,0.03,29.0,"{""Other rewards""}",Speedy Rewards Program,"{""Contactless Payments"",""Chip card"",""Mobile wallet provisioning (for example, Apple Pay)"",""Other""}",https://www.card.fnbo.com/landing/speedway/mastercard-landing,2025-12-31
first-national-bank-of-omaha-sheetz-visa-card,First National Bank Of Omaha,FNBO,Sheetz Visa ® Card,true,National,,false,false,"{""1"",""2"",""3""}",1,true,,,,,0.3049,0.3099,0.3099,,,,,0.05,,0.3099,0.05,,21.0,0.0,0.0,0.03,29.0,"{""Other rewards""}","Cash Back, Gift Cards, Merchandise, Travel, Gas Discount, Other","{""Contactless Payments"",""Chip card"",""Mobile wallet provisioning (for example, Apple Pay)"",""Other""}",https://www.card.fnbo.com/landing/sheetz,2025-12-31
first-national-bank-of-omaha-seiusm-rewards-visa-card,First National Bank Of Omaha,FNBO,SEIUSM Rewards Visa® Card,true,National,,true,false,"{""1"",""2"",""3""}",1,true,,0.0999,0.2899,0.2299,0.2249,0.2599,0.2899,,,,,0.05,,0.2924,0.05,,21.0,0.0,0.0,0.03,29.0,"{""Cashback rewards""}",,"{""Contactless Payments"",""Chip card"",""Mobile wallet provisioning (for example, Apple Pay)"",""Other""}",https://www.seiumb.com/finance/seiu-rewards-visa-card,2025-12-31
first-national-bank-of-omaha-seiusm-platinum-edition-visa-card,First National Bank Of Omaha,FNBO,SEIUSM Platinum Edition® Visa® Card,true,National,,true,false,"{""1"",""2"",""3""}",1,true,,0.0999,0.2599,0.1599,0.1549,0.1999,0.2599,0.0,6.0,0.0599,999.0,0.05,,0.2924,0.05,,21.0,0.0,0.0,0.03,29.0,{},,"{""Contactless Payments"",""Chip card"",""Mobile wallet provisioning (for example, Apple Pay)"",""Other""}",https://www.seiumb.com/benefits/seiu-platinum-edition-visa-card,2025-12-31
first-national-bank-of-omaha-premio-plus-mastercard,First National Bank Of Omaha,FNBO,Premio Plus Mastercard®,true,National,,true,false,"{""1"",""2"",""3""}",1,true,,,,,0.2374,0.2424,0.2424,,,,,0.05,,0.2949,0.05,,21.0,0.0,0.0,0.0,29.0,"{""Cashback rewards""}",,"{""Contactless Payments"",""Chip card"",""Fee-free foreign transactions"",""Mobile wallet provisioning (for example, Apple Pay)"",""Other""}",https://www.premio.com/en/,2025-12-31
first-national-bank-of-omaha-premio-mastercard,First National Bank Of Omaha,FNBO,Premio Mastercard®,true,National,,true,false,"{""1"",""2"",""3""}",1,true,,,,,0.2374,0.2424,0.2424,,,,,0.05,,0.2949,0.05,,21.0,0.0,0.0,0.0,29.0,{},,"{""Contactless Payments"",""Chip card"",""Fee-free foreign transactions"",""Mobile wallet provisioning (for example, Apple Pay)"",""Other""}",https://www.premio.com/en/,2025-12-31
first-national-bank-of-omaha-orvis-rewards-visa-card,First National Bank Of Omaha,FNBO,Orvis Rewards Visa® Card,true,National,,true,false,"{""1"",""2"",""3""}",1,true,,,,,0.2649,0.2699,0.2699,,,,,0.05,,0.2899,0.05,,21.0,0.0,0.0,0.03,29.0,"{""Other rewards""}",Orvis Gift Cards,"{""Contactless Payments"",""Chip card"",""Mobile wallet provisioning (for example, Apple Pay)"",""Other""}",https://www.orvis.com/visa.html,2025-12-31
first-national-bank-of-omaha-mgm-rewards-iconic-world-elite-mastercard,First National Bank Of Omaha,FNBO,MGM Rewards Iconic World Elite Mastercard®,true,National,,true,false,"{""1"",""2"",""3""}",1,true,,,,,0.2474,0.2524,0.2524,,,,,0.05,,0.2524,0.05,,21.0,249.0,0.0,0.0,29.0,"{""Other rewards""}",MGM Rewards Program,"{""Contactless Payments"",""Chip card"",""Fee-free foreign transactions"",""Mobile wallet provisioning (for example, Apple Pay)"",""Other""}",https://www.mgmresorts.com/en/mgm-rewards/mgm-rewards-mastercard-1.html?icid=MGMRT&loyaltyCardBasicShortCode=35725WZN6M356&loyaltyCardBasicSubAgentCode=000&loyaltyCardPremiumShortCode=X2FQ53YSJGML8&loyaltyCardPremiumSubAgentCode=000,2025-12-31
first-national-bank-of-omaha-mgm-rewards-world-elite-mastercard,First National Bank Of Omaha,FNBO,MGM Rewards World Elite Mastercard®,true,National,,true,false,"{""1"",""2"",""3""}",1,true,,,,,0.2474,0.2524,0.2524,,,,,0.05,,0.2524,0.05,,21.0,0.0,0.0,0.0,29.0,"{""Other rewards""}",MGM Rewards Program,"{""Contactless Payments"",""Chip card"",""Fee-free foreign transactions"",""Mobile wallet provisioning (for example, Apple Pay)"",""Other""}",https://www.mgmresorts.com/en/mgm-rewards/mgm-rewards-mastercard-1.html?icid=MGMRT&loyaltyCardBasicShortCode=35725WZN6M356&loyaltyCardBasicSubAgentCode=000&loyaltyCardPremiumShortCode=X2FQ53YSJGML8&loyaltyCardPremiumSubAgentCode=000,2025-12-31
first-national-bank-of-omaha-melaleuca-rewards-visa-card,First National Bank Of Omaha,FNBO,Melaleuca Rewards Visa® Card,true,National,,true,false,"{""1"",""2"",""3""}",1,true,,0.2649,0.2849,0.2449,0.2399,0.2824,0.2849,,,0.0,12.0,0.05,,0.2874,0.05,,21.0,0.0,0.0,0.03,29.0,"{""Other rewards""}",Melaleuca Rewards Program,"{""Contactless Payments"",""Chip card"",""Mobile wallet provisioning (for example, Apple Pay)"",""Other""}",https://www.card.fnbo.com/melaleuca,2025-12-31
first-national-bank-of-omaha-jal-usa-mastercard-3,First National Bank Of Omaha,FNBO,JAL USA Mastercard®,true,National,,true,false,"{""1"",""2"",""3""}",1,true,,,,,0.2374,0.2424,0.2424,,,,,0.05,,0.2949,0.05,,21.0,35.0,0.0,0.0,29.0,"{""Other rewards""}",JMB Program,"{""Contactless Payments"",""Chip card"",""Fee-free foreign transactions"",""Mobile wallet provisioning (for example, Apple Pay)"",""Other""}",https://www.jalusacard.com/en/,2025-12-31
first-national-bank-of-omaha-icelandair-premium-mastercard,First National Bank Of Omaha,FNBO,Icelandair Premium Mastercard®,true,National,,true,false,"{""1"",""2"",""3""}",1,true,,,,,0.2474,0.2524,0.2524,,,,,0.05,,0.2874,0.05,,21.0,39.0,0.0,0.0,29.0,"{""Other rewards""}",Saga Club Program,"{""Contactless Payments"",""Chip card"",""Fee-free foreign transactions"",""Mobile wallet provisioning (for example, Apple Pay)"",""Other""}",https://www.card.fnbo.com/landing/icelandair/main-card,2025-12-31
first-national-bank-of-omaha-icelandair-mastercard,First National Bank Of Omaha,FNBO,Icelandair Mastercard®,true,National,,true,false,"{""1"",""2"",""3""}",1,true,,,,,0.2674,0.2724,0.2724,,,,,0.05,,0.2874,0.05,,21.0,0.0,0.0,0.0,29.0,"{""Other rewards""}",Saga Club Program,"{""Contactless Payments"",""Chip card"",""Fee-free foreign transactions"",""Mobile wallet provisioning (for example, Apple Pay)"",""Other""}",https://www.card.fnbo.com/landing/icelandair/main-card,2025-12-31
first-national-bank-of-omaha-gulf-visa-card,First National Bank Of Omaha,FNBO,Gulf Visa® Card,true,National,,false,false,"{""1"",""2"",""3""}",1,true,,,,,0.3049,0.3099,0.3099,,,,,0.05,,0.2924,0.05,,21.0,0.0,0.0,0.03,29.0,"{""Other rewards""}",GULF Gift Card,"{""Contactless Payments"",""Chip card"",""Mobile wallet provisioning (for example, Apple Pay)"",""Other""}",https://www.gulfoil.com/gulfvisa,2025-12-31
first-national-bank-of-omaha-ducks-unlimited-rewards-visa-card,First National Bank Of Omaha,FNBO,Ducks Unlimited Rewards Visa® Card,true,National,,false,false,"{""1"",""2"",""3""}",1,true,,,,,0.2799,0.2849,0.2849,,,,,0.05,,0.2924,0.05,,21.0,0.0,0.0,0.03,29.0,"{""Other rewards""}","Cash Back, Gift Cards, Merchandise, Travel, Other","{""Contactless Payments"",""Chip card"",""Mobile wallet provisioning (for example, Apple Pay)"",""Other""}",https://www.card.fnbo.com/landing/ducksunlimited/visa-platinum,2025-12-31
first-national-bank-of-omaha-bp-rewards-visa-card,First National Bank Of Omaha,FNBO,bp rewards Visa® Card,true,National,,false,false,"{""1"",""2"",""3""}",1,true,,,,,0.3249,0.3299,0.3299,,,,,0.05,,0.3299,0.05,,21.0,0.0,0.0,0.03,29.0,"{""Other rewards""}","bp gift card, Cash Back, Gift Cards, Merchandise, Travel, Gas Discount, Other","{""Contactless Payments"",""Chip card"",""Mobile wallet provisioning (for example, Apple Pay)"",""Other""}",https://www.card.fnbo.com/landing/bp,2025-12-31
first-national-bank-of-omaha-atwoods-rewards-mastercard,First National Bank Of Omaha,FNBO,Atwoods Rewards Mastercard®,true,National,,false,false,"{""1"",""2"",""3""}",1,true,,,,,0.2649,0.2699,0.3049,,,,,0.05,,0.2924,0.05,,21.0,0.0,0.0,0.03,29.0,"{""Other rewards""}",Atwoods Gift Card,"{""Contactless Payments"",""Chip card"",""Mobile wallet provisioning (for example, Apple Pay)"",""Other""}",https://www.atwoods.com/credit-card,2025-12-31
first-national-bank-of-omaha-ana-card-usa-plus-visa,First National Bank Of Omaha,FNBO,ANA CARD USA Plus Visa ®,true,National,,true,false,"{""1"",""2"",""3""}",1,true,,,,,0.2374,0.2424,0.2424,,,,,0.05,,0.2949,0.05,,21.0,85.0,0.0,0.0,29.0,"{""Other rewards""}",AMC Program,"{""Contactless Payments"",""Chip card"",""Fee-free foreign transactions"",""Mobile wallet provisioning (for example, Apple Pay)"",""Other""}",https://www.anacardusa.com/en/index.html,2025-12-31
first-national-bank-of-omaha-amtrak-guest-rewards-preferred-mastercard,First National Bank Of Omaha,FNBO,Amtrak Guest Rewards® Preferred Mastercard®,true,National,,false,false,"{""1"",""2"",""3""}",1,true,,,,,0.2674,0.2724,0.2724,,,,,0.05,,0.2874,0.05,,21.0,99.0,0.0,0.0,29.0,"{""Other rewards""}",Amtrak Rewards Program,"{""Contactless Payments"",""Chip card"",""Fee-free foreign transactions"",""Mobile wallet provisioning (for example, Apple Pay)"",""Other""}",https://www.amtrak.com/guestrewards/apply,2025-12-31
first-national-bank-of-omaha-amtrak-guest-rewards-mastercard,First National Bank Of Omaha,FNBO,Amtrak Guest Rewards® Mastercard®,true,National,,false,false,"{""1"",""2"",""3""}",1,true,,,,,0.2674,0.2724,0.2724,,,,,0.05,,0.2874,0.05,,21.0,0.0,0.0,0.0,29.0,"{""Other rewards""}",Amtrak Rewards Program,"{""Contactless Payments"",""Chip card"",""Fee-free foreign transactions"",""Mobile wallet provisioning (for example, Apple Pay)"",""Other""}",https://www.amtrak.com/guestrewards/apply,2025-12-31
first-state-bank-first-state-bank-credit-card,First State Bank,,First State Bank Credit Card,false,National,,true,false,"{""0"",""1"",""2"",""3""}",0,false,,,,,0.18,0.18,0.18,,,,,,,0.18,,,30.0,0.0,0.0,0.01,5.0,{},,{},,2025-12-31
firstmark-credit-union-firstmark-credit-union-platinum-rewards,Firstmark Credit Union,,Firstmark Credit Union Platinum Rewards,false,One State/Territory,TX,true,false,"{""2"",""3""}",2,true,,,0.1625,0.1525,0.1525,0.1625,0.18,0.0599,6.0,,,0.03,,0.1625,,,,0.0,0.0,0.0,25.0,"{""Cashback rewards"",""Travel-related rewards""}",,"{""Contactless Payments"",""Fee-free foreign transactions"",""Mobile wallet provisioning (for example, Apple Pay)""}",https://www.firstmarkcu.org/credit-cards/,2025-12-31
florida-west-coast-credit-union-classic-card,Florida West Coast Credit Union,,Classic Card,false,National,,true,false,"{""2""}",2,false,,,,,,,,,,,,,,0.1296,,,10.0,0.0,0.0,0.01,25.0,{},,"{""Chip card"",""Mobile wallet provisioning (for example, Apple Pay)""}",https://www.fwccu.com,2025-12-31
forcht-bank-simple-visa-card,"Forcht Bank, National Association",,Simple Visa Card,false,Regional,,false,false,"{""2"",""3""}",2,true,,,0.1675,0.1475,0.1375,0.1575,0.1775,0.0,5.0,0.0,5.0,0.03,5.0,,0.04,5.0,30.0,0.0,0.0,0.01,27.0,{},,"{""Contactless Payments"",""Chip card"",""Mobile wallet provisioning (for example, Apple Pay)""}",https://www.forchtbank.com/Personal/Credit-Cards,2025-12-31
forcht-bank-istudent-visa,"Forcht Bank, National Association",,iStudent Visa,false,Regional,,false,false,"{""2"",""3""}",2,true,,,0.2175,0.2375,0.2075,0.2275,0.2475,,,,,0.03,5.0,,0.04,5.0,30.0,0.0,0.0,0.01,27.0,{},,"{""Contactless Payments"",""Chip card"",""Mobile wallet provisioning (for example, Apple Pay)""}",https://www.forchtbank.com/Personal/Credit-Cards,2025-12-31
forcht-bank-passport-visa,"Forcht Bank, National Association",,Passport Visa,false,Regional,,false,false,"{""2"",""3""}",2,true,,,0.2275,0.2075,0.1875,0.2175,0.2475,,,,,0.03,5.0,,0.04,5.0,30.0,0.0,0.0,0.01,27.0,{},,"{""Contactless Payments"",""Chip card"",""Mobile wallet provisioning (for example, Apple Pay)""}",https://www.forchtbank.com/Personal/Credit-Cards,2025-12-31
forcht-bank-forcht-bank-reserve-visa-card,"Forcht Bank, National Association",,Forcht Bank Reserve Visa Card,false,Regional,,false,false,"{""2"",""3""}",2,true,,,0.2375,0.2075,0.1875,0.2175,0.2475,,,,,0.03,5.0,,0.04,5.0,30.0,295.0,0.0,0.01,27.0,"{""Cashback rewards"",""Travel-related rewards""}",,"{""Contactless Payments"",""Chip card"",""Mobile wallet provisioning (for example, Apple Pay)""}",https://www.forchtbank.com/Personal/Credit-Cards,2025-12-31
forcht-bank-business-power-visa-card,"Forcht Bank, National Association",,Business Power Visa Card,false,Regional,,false,false,"{""2"",""3""}",2,true,,,0.1375,0.1375,0.1275,0.1375,0.1475,0.0,5.0,0.0,5.0,0.03,5.0,,0.04,5.0,30.0,0.0,0.0,0.01,25.0,{},,"{""Contactless Payments"",""Chip card"",""Mobile wallet provisioning (for example, Apple Pay)""}",https://www.forchtbank.com/Business/Business-Credit-Cards,2025-12-31
gecu-federal-credit-union-empowerment-credit-card,Gecu Federal Credit Union,,Empowerment Credit Card,false,National,,true,false,"{""0"",""1"",""2"",""3""}",0,true,0.179,0.179,0.1465,0.1215,0.119,0.149,0.179,,6.0,0.0,6.0,,,,,,25.0,0.0,0.0,0.01,25.0,{},,"{""Chip card"",""Mobile wallet provisioning (for example, Apple Pay)""}",https://www.gecu.com,2025-12-31
gecu-federal-credit-union-rewards-credit-card,Gecu Federal Credit Union,,Rewards Credit Card,false,National,,true,false,"{""2"",""3""}",2,true,,0.179,0.1774,0.1499,0.1474,0.1499,0.179,,,,,,,,,,25.0,0.0,0.0,0.01,25.0,"{""Cashback rewards"",""Travel-related rewards"",""Other rewards""}","gift cards, merchandise","{""Chip card"",""Mobile wallet provisioning (for example, Apple Pay)""}",https://www.gecu.com,2025-12-31
georgia-s-own-credit-union-visa-platinum,Georgia'S Own Credit Union,,Visa Platinum,false,National,,true,false,"{""1"",""2"",""3""}",1,true,,,,,0.1774,0.1799,0.1799,,,,,0.03,,0.1799,0.02,,25.0,0.0,0.0,0.02,27.0,"{""Cashback rewards"",""Travel-related rewards"",""Other rewards""}","Gift cards, merchandise, charities","{""Contactless Payments"",""Chip card"",""Mobile wallet provisioning (for example, Apple Pay)""}",https://www.georgiasown.org,2025-12-31
goldman-sachs-bank-usa-apple-card,Goldman Sachs Bank Usa,GOLDMAN_SACHS,Apple Card,true,National,,false,false,"{""2"",""3""}",2,true,,0.2824,0.2624,0.2024,0.1749,0.2324,0.2849,,,,,,,,,,30.0,0.0,0.0,0.0,,"{""Cashback rewards""}",,"{""Contactless Payments"",""Chip card"",""Fee-free foreign transactions"",""Mobile wallet provisioning (for example, Apple Pay)"",""Other""}",https://www.apple.com/apple-card/,2025-12-31
greater-pittsburgh-police-federal-credit-union-classic-visa,Greater Pittsburgh Police Federal Credit Union,,Classic Visa,false,Regional,,true,false,"{""2""}",2,false,,,,,0.0899,0.0899,0.0899,,,0.0399,2.0,,,0.0899,,,25.0,0.0,0.0,0.0,,{},,"{""Contactless Payments"",""Chip card"",""Fee-free foreign transactions""}",https://www.gppfcu.com,2025-12-31
greenville-federal-credit-union-visa-platinum,Greenville Federal Credit Union,,VISA Platinum,false,National,,true,false,"{""2"",""3""}",2,true,,,0.1799,0.1349,0.1349,0.1574,0.1799,,,,,,,,,,25.0,0.0,0.0,0.01,20.0,"{""Cashback rewards"",""Travel-related rewards"",""Other rewards""}",Gift Cards and Merchandise,"{""Contactless Payments"",""Chip card"",""Mobile wallet provisioning (for example, Apple Pay)""}",https://www.greenvillefcu.com,2025-12-31
greenville-federal-credit-union-access,Greenville Federal Credit Union,,ACCESS,false,National,,true,false,"{""0"",""1""}",0,true,,,,,0.1799,0.1799,0.1799,,,,,,,0.1799,,,25.0,49.0,0.0,0.01,20.0,"{""Cashback rewards"",""Travel-related rewards"",""Other rewards""}",Gift cards and merchandise,"{""Contactless Payments"",""Chip card"",""Mobile wallet provisioning (for example, Apple Pay)""}",https://www.greenvillefcu.com,2025-12-31
greenville-federal-credit-union-visa-signature,Greenville Federal Credit Union,,VISA Signature,false,National,,true,false,"{""3""}",3,true,,,,,0.1549,0.1549,0.1549,,,,,,,0.1549,,,25.0,0.0,0.0,0.0,20.0,"{""Cashback rewards"",""Travel-related rewards"",""Other rewards""}",Gift Cards and Merchandise,"{""Contactless Payments"",""Chip card"",""Fee-free foreign transactions"",""Mobile wallet provisioning (for example, Apple Pay)""}",https://www.greenvillefcu.com,2025-12-31
greenwood-credit-union-premier-visa-credit-card-premier-visa-secured-credit-card,Greenwood Credit Union,,Premier Visa Credit Card & Premier Visa Secured Credit Card,false,National,,false,false,"{""0"",""1"",""2"",""3""}",0,true,0.21,0.21,0.1724,0.1249,0.1249,0.1574,0.21,,,,,0.03,,,0.05,,25.0,0.0,0.0,0.02,35.0,{},,"{""Contactless Payments"",""Chip card"",""Mobile wallet provisioning (for example, Apple Pay)""}",https://greenwoodcu.org/loans/credit-cards/,2025-12-31
grow-financial-federal-credit-union-visa-preferred,Grow Financial Federal Credit Union,,Visa Preferred,false,National,,true,false,"{""0"",""1"",""2"",""3""}",0,true,0.1799,0.1799,0.1349,0.1099,0.1049,0.1349,0.1799,,6.0,,,,,0.18,,,25.0,0.0,0.0,0.01,25.0,{},,"{""Contactless Payments"",""Chip card"",""Mobile wallet provisioning (for example, Apple Pay)""}",https://www.growfinancial.org,2025-12-31
gundersen-credit-union-gundersen-credit-union,Gundersen Credit Union,,Gundersen Credit Union,false,One State/Territory,WI,true,false,"{""3""}",3,false,,,,,0.089,0.089,0.089,,,,,,,0.089,,,25.0,0.0,0.0,0.0,20.0,"{""Travel-related rewards"",""Other rewards""}",Scorecard points to get numerous different goods,"{""Contactless Payments"",""Chip card"",""Mobile wallet provisioning (for example, Apple Pay)""}",https://www.gundersencu.org,2025-12-31
hanscom-federal-credit-union-platinum-mastercard,Hanscom Federal Credit Union,,Platinum Mastercard,false,National,,true,false,"{""2"",""3""}",2,false,0.1799,0.1799,0.1599,0.1399,0.1199,0.1599,0.1799,,,,,,,,,,25.0,0.0,0.0,0.011,15.0,{},,"{""Contactless Payments"",""Chip card"",""Mobile wallet provisioning (for example, Apple Pay)"",""Other""}",https://www.hfcu.org,2025-12-31
harvard-federal-credit-union-harvard-alumni-world-mastercard,Harvard Federal Credit Union,,Harvard Alumni World MasterCard,false,National,,true,false,"{""2"",""3""}",2,true,,,0.1649,0.1324,0.1324,0.1324,0.18,0.0,12.0,0.0,12.0,0.02,,0.1324,,,,0.0,0.0,0.0,,"{""Cashback rewards"",""Travel-related rewards"",""Other rewards""}",merchandise,"{""Contactless Payments"",""Chip card"",""Fee-free foreign transactions"",""Mobile wallet provisioning (for example, Apple Pay)""}",https://harvardcard.com/,2025-12-31
harvard-federal-credit-union-platinum-rewards-plus-mastercard,Harvard Federal Credit Union,,Platinum Rewards Plus MasterCard,false,National,,true,false,"{""2"",""3""}",2,true,0.18,0.18,0.18,0.1749,0.1724,0.1724,0.18,0.0,12.0,0.0,12.0,0.02,,,,,,0.0,0.0,0.01,,"{""Cashback rewards"",""Travel-related rewards"",""Other rewards""}",,"{""Contactless Payments"",""Chip card"",""Mobile wallet provisioning (for example, Apple Pay)""}",https://harvardfcu.org/,2025-12-31
harvard-federal-credit-union-platinum-rewards-mastercard,Harvard Federal Credit Union,,Platinum Rewards MasterCard,false,National,,true,false,"{""2"",""3""}",2,true,0.18,0.18,0.18,0.1549,0.1524,0.1524,0.18,0.0,12.0,0.0,12.0,0.02,,,,,,0.0,0.0,0.01,,"{""Cashback rewards"",""Travel-related rewards"",""Other rewards""}",,"{""Contactless Payments"",""Chip card"",""Mobile wallet provisioning (for example, Apple Pay)""}",https://harvardfcu.org/,2025-12-31
harvard-federal-credit-union-platinum-mastercard,Harvard Federal Credit Union,,Platinum MasterCard,false,National,,true,false,"{""2"",""3""}",2,true,0.1749,0.1749,0.18,0.1549,0.1324,0.1549,0.1774,0.0,12.0,0.0,12.0,0.02,,,,,,0.0,0.0,0.01,,{},,"{""Contactless Payments"",""Chip card"",""Mobile wallet provisioning (for example, Apple Pay)""}",https://harvardfcu.org/,2025-12-31
high-point-federal-credit-union-visa-platinum,High Point Federal Credit Union,,VISA Platinum,false,Regional,,true,false,"{""0"",""1"",""2"",""3""}",0,true,0.155,0.155,0.145,0.115,0.115,0.145,0.1799,0.0199,6.0,0.0199,6.0,,,,0.01,1.0,30.0,0.0,0.0,0.01,20.0,"{""Cashback rewards"",""Travel-related rewards"",""Other rewards""}",Gift Cards,"{""Contactless Payments"",""Chip card"",""Mobile wallet provisioning (for example, Apple Pay)""}",https://www.highpointfcu.com,2025-12-31
hills-bank-and-trust-company-visa-platinum-credit-card,Hills Bank And Trust Company,,Visa Platinum Credit Card,false,One State/Territory,IA,false,false,"{""2"",""3""}",2,true,,,0.1375,0.1175,0.1175,0.1375,0.1575,,,,,,,0.1775,0.03,5.0,25.0,0.0,0.0,0.01,27.0,{},,"{""Contactless Payments"",""Chip card"",""Fee-free foreign transactions"",""Mobile wallet provisioning (for example, Apple Pay)""}",https://www.hillsbank.com/credit-cards,2025-12-31
homeland-credit-union-visa-classic,"Homeland Credit Union, Inc.",,Visa Classic,false,One State/Territory,OH,true,false,"{""0"",""1"",""2""}",0,false,,,,,0.1899,0.1899,0.1899,,,,,,,0.1899,,,30.0,10.0,0.0,0.01,10.0,"{""Other rewards""}","Travel, merchandise, gift cards","{""Contactless Payments"",""Chip card"",""Mobile wallet provisioning (for example, Apple Pay)""}",https://www.homelandcu.com/lending/visa-credit-debit-cards,2025-12-31
homeland-credit-union-visa-platinum,"Homeland Credit Union, Inc.",,Visa Platinum,false,One State/Territory,OH,true,false,"{""2"",""3""}",2,true,,,,,0.03,0.03,0.03,0.03,6.0,,,,,0.03,,,30.0,0.0,0.0,0.01,20.0,"{""Travel-related rewards"",""Other rewards""}","Travel, merchandise, gift cards","{""Contactless Payments"",""Chip card"",""Mobile wallet provisioning (for example, Apple Pay)""}",https://www.homelandcu.com/lending/visa-credit-debit-cards,2025-12-31
hoosier-heartland-state-bank-personal-credit-card,Hoosier Heartland State Bank,,Personal Credit Card,false,One State/Territory,IN,false,false,"{""2"",""3""}",2,false,,,,,,,,,,,,,,0.0996,,,,0.0,0.0,0.01,25.0,{},,"{""Contactless Payments"",""Chip card""}",https://www.myhhsb.com,2025-12-31
horizon-credit-union-horizon-credit-union-visa-classic,Horizon Credit Union,,Horizon Credit Union Visa Classic,false,National,,true,false,"{""0"",""1"",""2"",""3""}",0,true,0.21,0.205,0.2,0.1775,0.175,0.2,0.21,,,,,0.03,3.0,,0.03,3.0,21.0,0.0,0.0,0.01,,{},,"{""Contactless Payments"",""Chip card"",""Mobile wallet provisioning (for example, Apple Pay)""}",https://www.hzcu.org/loans-credit-cards/credit-cards/,2025-12-31
idaho-central-credit-union-visa-platinum,Idaho Central Credit Union,,Visa Platinum,false,National,,false,false,"{""1"",""2"",""3""}",1,true,,0.1624,0.1324,0.1124,0.1124,0.1427,0.24,,,,,,,,0.05,10.0,21.0,0.0,0.0,0.01,29.0,{},,"{""Contactless Payments"",""Chip card"",""Mobile wallet provisioning (for example, Apple Pay)""}",https://www.iccu.com,2025-12-31
illinois-educators-credit-union-visa-classic,Illinois Educators Credit Union,,VISA Classic,false,National,,true,false,"{""2"",""3""}",2,false,,,,,0.149,0.149,0.149,,,,,,,0.149,,,25.0,0.0,0.0,0.01,28.0,"{""Cashback rewards""}",,"{""Chip card"",""Mobile wallet provisioning (for example, Apple Pay)""}",https://www.iecumember.org,2025-12-31
iq-credit-union-visa-platinum-rewards,Iq Credit Union,,Visa Platinum Rewards,false,Regional,,true,false,"{""0"",""1"",""2"",""3""}",0,false,,,,,,,,,,,12.0,0.02,5.0,,0.02,5.0,30.0,0.0,0.0,0.01,25.0,"{""Cashback rewards""}",,"{""Contactless Payments"",""Chip card"",""Mobile wallet provisioning (for example, Apple Pay)"",""Other""}",https://www.iqcu.com,2025-12-31
jonah-bank-of-wyoming-platinum-rewards,Jonah Bank Of Wyoming,,Platinum Rewards,false,One State/Territory,WY,false,false,"{""2"",""3""}",2,true,,,,,0.1625,0.1625,0.1625,0.029,6.0,0.029,6.0,,,0.1625,,,25.0,50.0,0.0,0.0,,"{""Cashback rewards"",""Travel-related rewards"",""Other rewards""}",Merchandise and Gift Cards,"{""Chip card"",""Mobile wallet provisioning (for example, Apple Pay)"",""Other""}",,2025-12-31
jonah-bank-of-wyoming-platinum,Jonah Bank Of Wyoming,,Platinum,false,One State/Territory,WY,false,false,"{""2"",""3""}",2,true,,,,,0.1625,0.1625,0.1625,0.029,6.0,0.029,6.0,,,0.1625,,,25.0,0.0,0.0,0.0,,{},,"{""Chip card"",""Mobile wallet provisioning (for example, Apple Pay)"",""Other""}",,2025-12-31
jonah-bank-of-wyoming-secured-platinum-rewards,Jonah Bank Of Wyoming,,Secured Platinum Rewards,false,One State/Territory,WY,false,true,"{""0"",""1""}",0,true,,,,,0.1625,0.1625,0.1625,0.029,6.0,0.029,6.0,,,0.1625,,,25.0,50.0,0.0,0.0,,"{""Cashback rewards"",""Travel-related rewards"",""Other rewards""}",Merchandise and Gift Cards,"{""Chip card"",""Mobile wallet provisioning (for example, Apple Pay)"",""Other""}",,2025-12-31
jonah-bank-of-wyoming-secured-platinum,Jonah Bank Of Wyoming,,Secured Platinum,false,One State/Territory,WY,false,true,"{""0"",""1""}",0,true,,,,,0.1625,0.1625,0.1625,0.029,6.0,0.029,6.0,,,0.1625,,,25.0,0.0,0.0,0.0,,{},,"{""Chip card"",""Mobile wallet provisioning (for example, Apple Pay)"",""Other""}",,2025-12-31
joplin-metro-credit-union-joplin-metro-credit-union-secured-visa,Joplin Metro Credit Union,,JOPLIN METRO CREDIT UNION SECURED VISA,false,National,,false,true,"{""0"",""1""}",0,false,,,,,0.159,0.159,0.159,,,,,,,0.159,,,30.0,0.0,0.0,0.0,,"{""Other rewards""}",SCORECARD REWARDS FOR MERCHANDISE,"{""Chip card"",""Fee-free foreign transactions""}",,2025-12-31
joplin-metro-credit-union-joplin-metro-credit-union-classic-visa,Joplin Metro Credit Union,,JOPLIN METRO CREDIT UNION CLASSIC VISA,false,National,,false,false,"{""1"",""2"",""3""}",1,false,,,,,0.129,0.129,0.129,,,,,,,0.129,,,30.0,0.0,0.0,0.0,,"{""Other rewards""}",SCORECARD REWARDS FOR MERCHANDISE OR STATEMENT CREDIT,"{""Chip card"",""Fee-free foreign transactions""}",,2025-12-31
joplin-metro-credit-union-joplin-metro-credit-union-preferred-classic-visa,Joplin Metro Credit Union,,JOPLIN METRO CREDIT UNION PREFERRED CLASSIC VISA,false,National,,false,false,"{""1"",""2"",""3""}",1,false,,,,,0.115,0.115,0.115,,,,,,,0.115,,,30.0,0.0,0.0,0.0,,"{""Other rewards""}",SCORECARD REWARDS FOR MERCHANDISE OR STATEMENT CREDIT,"{""Chip card"",""Fee-free foreign transactions""}",,2025-12-31
joplin-metro-credit-union-joplin-metro-credit-union-platinum-visa,Joplin Metro Credit Union,,JOPLIN METRO CREDIT UNION PLATINUM VISA,false,National,,false,false,"{""1"",""2"",""3""}",1,false,,,,,0.109,0.109,0.109,,,,,,,0.109,,,30.0,0.0,0.0,0.0,,"{""Other rewards""}",SCORECARD REWARDS FOR MERCHANDISE OR STATEMENT CREDIT,"{""Chip card"",""Fee-free foreign transactions""}",,2025-12-31
jovia-financial-federal-credit-union-visa-signature-elite,Jovia Financial Federal Credit Union,,Visa Signature Elite,false,National,,true,false,"{""2"",""3""}",2,true,,,0.1799,0.1549,0.1449,0.1774,0.1799,,,,,,,0.1774,,,,0.0,0.0,0.0,25.0,"{""Cashback rewards""}",,"{""Contactless Payments"",""Chip card"",""Fee-free foreign transactions"",""Mobile wallet provisioning (for example, Apple Pay)""}",https://www.jovia.org/personal-banking/credit/visa-signature,2025-12-31
jovia-financial-federal-credit-union-visa-advantage,Jovia Financial Federal Credit Union,,VISA Advantage,false,One State/Territory,NY,true,false,"{""2"",""3""}",2,true,,,0.1799,0.1249,0.1149,0.1624,0.1799,0.0299,12.0,,12.0,,,,,,,0.0,0.0,0.0,25.0,{},,"{""Contactless Payments"",""Chip card"",""Fee-free foreign transactions"",""Mobile wallet provisioning (for example, Apple Pay)""}",https://www.jovia.org/personal-banking/credit/visa-advantage,2025-12-31
jpmorgan-chase-bank-doordash-rewards-mastercard,"Jpmorgan Chase Bank, National Association",CHASE,DoorDash Rewards Mastercard,true,National,,false,false,"{""1"",""2"",""3""}",1,true,,0.2774,0.2774,0.2674,0.1824,0.2674,0.2774,,,,,0.05,5.0,0.2849,0.05,10.0,21.0,0.0,0.0,0.0,29.0,"{""Cashback rewards"",""Other rewards""}","Complimentary year of DashPass from DoorDash with account opening. Cardmembers can earn additional complementary years of DashPass every anniversary year in which they spend $10,000 or more. The DashPass membership will auto renew if cardmembers do not sp","{""Contactless Payments"",""Chip card"",""Fee-free foreign transactions"",""Mobile wallet provisioning (for example, Apple Pay)""}",https://www.chase.com/doordash,2025-12-31
jpmorgan-chase-bank-j-p-morgan-reserve,"Jpmorgan Chase Bank, National Association",CHASE,J.P. Morgan Reserve,true,National,,true,false,"{""3""}",3,true,,,,,0.1674,0.1674,0.1674,,,,,0.05,5.0,0.2849,,,21.0,795.0,0.0,0.0,,"{""Travel-related rewards""}",,"{""Contactless Payments"",""Chip card"",""Fee-free foreign transactions"",""Mobile wallet provisioning (for example, Apple Pay)""}",https://www.jpmorgan.com,2025-12-31
jpmorgan-chase-bank-disney-premier-visa-card,"Jpmorgan Chase Bank, National Association",CHASE,Disney Premier Visa Card,true,National,,false,false,"{""2"",""3""}",2,true,,0.2649,0.2649,0.2249,0.1749,0.2649,0.2649,,,0.2649,12.0,0.05,5.0,0.2849,0.05,10.0,21.0,49.0,0.0,0.03,29.0,"{""Other rewards""}",Disney Rewards Dollars awarded for spend on eligible purchases,"{""Contactless Payments"",""Chip card"",""Mobile wallet provisioning (for example, Apple Pay)""}",https://creditcards.chase.com/rewards-credit-cards/disney/premier?iCELL=61GK,2025-12-31
jpmorgan-chase-bank-disney-visa-card,"Jpmorgan Chase Bank, National Association",CHASE,Disney® Visa® Card,true,National,,false,false,"{""2"",""3""}",2,true,,0.2649,0.2649,0.2249,0.1749,0.2549,0.2649,,,0.2549,12.0,0.05,5.0,0.2849,0.05,10.0,21.0,0.0,0.0,0.03,29.0,"{""Other rewards""}",Disney Rewards Dollars awarded for spend on eligible purchases,"{""Contactless Payments"",""Chip card"",""Mobile wallet provisioning (for example, Apple Pay)""}",https://creditcards.chase.com/rewards-credit-cards/disney/rewards?iCELL=61FY,2025-12-31
jpmorgan-chase-bank-amazon-rewards-visa-card,"Jpmorgan Chase Bank, National Association",CHASE,Amazon Rewards Visa Card,true,National,,false,false,"{""1"",""2"",""3""}",1,true,,0.2749,0.2749,0.2449,0.1874,0.2749,0.2749,,,,,0.04,5.0,0.2849,0.04,5.0,21.0,0.0,0.0,0.0,28.0,"{""Cashback rewards"",""Travel-related rewards"",""Other rewards""}",Gift cards or travel on Chase.com.  Redeem points on items at Amazon.com,"{""Contactless Payments"",""Chip card"",""Fee-free foreign transactions"",""Mobile wallet provisioning (for example, Apple Pay)""}",https://www.chase.com/amazon,2025-12-31
jpmorgan-chase-bank-amazon-prime-rewards-visa-card,"Jpmorgan Chase Bank, National Association",CHASE,Amazon Prime Rewards Visa Card,true,National,,true,false,"{""1"",""2"",""3""}",1,true,,0.2749,0.2749,0.2449,0.1874,0.2749,0.2749,,,,,0.04,5.0,0.2849,0.04,5.0,21.0,0.0,0.0,0.0,28.0,"{""Cashback rewards"",""Travel-related rewards"",""Other rewards""}",Gift cards or travel on Chase.com.  Redeem points on items at Amazon.com,"{""Contactless Payments"",""Chip card"",""Fee-free foreign transactions"",""Mobile wallet provisioning (for example, Apple Pay)""}",https://www.chase.com/amazon,2025-12-31
jpmorgan-chase-bank-british-airways-visa-signature,"Jpmorgan Chase Bank, National Association",CHASE,British Airways Visa Signature,true,National,,false,false,"{""2"",""3""}",2,true,,0.2774,0.2774,0.2774,0.1924,0.2774,0.2774,,,,,0.05,5.0,0.2849,0.05,10.0,21.0,95.0,0.0,0.0,29.0,"{""Travel-related rewards""}",,"{""Contactless Payments"",""Chip card"",""Fee-free foreign transactions"",""Mobile wallet provisioning (for example, Apple Pay)""}",https://www.chase.com,2025-12-31
jpmorgan-chase-bank-united-club-infinite-card,"Jpmorgan Chase Bank, National Association",CHASE,United Club Infinite Card,true,National,,false,false,"{""2"",""3""}",2,true,,0.2824,0.2824,0.2724,0.1974,0.2724,0.2824,,,,,0.05,5.0,0.2849,0.05,10.0,21.0,695.0,0.0,0.0,29.0,"{""Travel-related rewards"",""Other rewards""}",All of the product benefits can be found on United.com/Club,"{""Contactless Payments"",""Chip card"",""Fee-free foreign transactions"",""Mobile wallet provisioning (for example, Apple Pay)"",""Other""}",https://www.chase.com/united,2025-12-31
jpmorgan-chase-bank-world-of-hyatt-credit-card,"Jpmorgan Chase Bank, National Association",CHASE,World of Hyatt Credit Card,true,National,,false,false,"{""2"",""3""}",2,true,,0.2774,0.2774,0.2674,0.1924,0.2774,0.2774,,,,,0.05,5.0,0.2849,0.05,10.0,21.0,95.0,0.0,0.0,29.0,"{""Travel-related rewards""}",,"{""Contactless Payments"",""Chip card"",""Fee-free foreign transactions"",""Mobile wallet provisioning (for example, Apple Pay)""}",https://www.chase.com/personal/credit-cards/hyatt,2025-12-31
jpmorgan-chase-bank-united-quest-card,"Jpmorgan Chase Bank, National Association",CHASE,United Quest Card,true,National,,false,false,"{""2"",""3""}",2,true,,0.2824,0.2824,0.2524,0.1974,0.2724,0.2824,,,,,0.05,5.0,0.2849,0.05,10.0,21.0,350.0,0.0,0.0,29.0,"{""Travel-related rewards"",""Other rewards""}",All of the product benefits can be found on United.com/Quest.,"{""Contactless Payments"",""Chip card"",""Fee-free foreign transactions"",""Mobile wallet provisioning (for example, Apple Pay)"",""Other""}",https://www.chase.com/united,2025-12-31
jpmorgan-chase-bank-united-explorer-card,"Jpmorgan Chase Bank, National Association",CHASE,United Explorer Card,true,National,,false,false,"{""2"",""3""}",2,true,,0.2824,0.2824,0.2524,0.1974,0.2724,0.2824,,,,,0.05,5.0,0.2849,0.05,10.0,21.0,150.0,0.0,0.0,29.0,"{""Travel-related rewards"",""Other rewards""}",All of the product benefits can be found on United.com/Explorer,"{""Contactless Payments"",""Chip card"",""Fee-free foreign transactions"",""Mobile wallet provisioning (for example, Apple Pay)"",""Other""}",https://www.chase.com/united,2025-12-31
jpmorgan-chase-bank-iberia-visa-signature,"Jpmorgan Chase Bank, National Association",CHASE,Iberia Visa Signature,true,National,,false,false,"{""2"",""3""}",2,true,,0.2774,0.2674,0.2774,0.1924,0.2774,0.2774,,,,,0.05,5.0,0.2849,0.05,10.0,21.0,95.0,0.0,0.0,29.0,"{""Travel-related rewards""}",,"{""Contactless Payments"",""Chip card"",""Fee-free foreign transactions"",""Mobile wallet provisioning (for example, Apple Pay)""}",https://www.chase.com,2025-12-31
jpmorgan-chase-bank-united-gateway-card,"Jpmorgan Chase Bank, National Association",CHASE,United Gateway Card,true,National,,false,false,"{""2"",""3""}",2,true,,0.2824,0.2824,0.2524,0.1974,0.2724,0.2824,0.0,12.0,,,0.05,5.0,0.2849,0.05,10.0,21.0,0.0,0.0,0.0,29.0,"{""Travel-related rewards"",""Other rewards""}",All of the product benefits can be found on United.com/Gateway,"{""Contactless Payments"",""Chip card"",""Fee-free foreign transactions"",""Mobile wallet provisioning (for example, Apple Pay)"",""Other""}",https://www.chase.com/united,2025-12-31
jpmorgan-chase-bank-ihg-premier,"Jpmorgan Chase Bank, National Association",CHASE,IHG Premier,true,National,,false,false,"{""2"",""3""}",2,true,,0.2774,0.2774,0.2674,0.1924,0.2774,0.2774,,,,,0.05,5.0,0.2849,0.05,10.0,21.0,99.0,0.0,0.0,29.0,"{""Travel-related rewards"",""Other rewards""}","Baggage Delay Insurance, Lost Luggage Reimbursement, Travel and Emergency Assistance Services, Trip Cancellation/Interruption Insurance, Travel Accident Insurance, Roadside Assistance","{""Contactless Payments"",""Chip card"",""Fee-free foreign transactions"",""Mobile wallet provisioning (for example, Apple Pay)""}",https://www. chase.com/ihgonerewards,2025-12-31
jpmorgan-chase-bank-ihg-traveler,"Jpmorgan Chase Bank, National Association",CHASE,IHG Traveler,true,National,,false,false,"{""2"",""3""}",2,true,,0.2774,0.2774,0.2674,0.1924,0.2774,0.2774,,,,,0.05,5.0,0.2849,0.05,10.0,21.0,0.0,0.0,0.0,29.0,"{""Travel-related rewards"",""Other rewards""}","Baggage Delay Insurance, Lost Luggage Reimbursement, Travel and Emergency Assistance Services, Trip Cancellation/Interruption Insurance, Travel Accident Insurance, Roadside Assistance","{""Contactless Payments"",""Chip card"",""Fee-free foreign transactions"",""Mobile wallet provisioning (for example, Apple Pay)""}",https://www.chase.com/ihgonerewards,2025-12-31
jpmorgan-chase-bank-southwest-rapid-rewards-priority-credit-card,"Jpmorgan Chase Bank, National Association",CHASE,Southwest® Rapid Rewards® Priority Credit Card,true,National,,false,false,"{""2"",""3""}",2,true,,0.2774,0.2774,0.2674,0.1924,0.2674,0.2774,,,,,0.05,10.0,0.2849,0.05,10.0,21.0,229.0,0.0,0.0,29.0,"{""Travel-related rewards""}",,"{""Contactless Payments"",""Chip card"",""Fee-free foreign transactions"",""Mobile wallet provisioning (for example, Apple Pay)""}",https://creditcards.chase.com/southwest/priority-credit-card,2025-12-31
jpmorgan-chase-bank-southwest-rapid-rewards-premier-credit-card,"Jpmorgan Chase Bank, National Association",CHASE,Southwest® Rapid Rewards® Premier Credit Card,true,National,,false,false,"{""2"",""3""}",2,true,,0.2774,0.2774,0.2474,0.1924,0.2474,0.2774,,,,,0.05,10.0,0.2849,0.05,10.0,21.0,149.0,0.0,0.0,29.0,"{""Travel-related rewards""}",,"{""Contactless Payments"",""Chip card"",""Fee-free foreign transactions"",""Mobile wallet provisioning (for example, Apple Pay)""}",https://creditcards.chase.com/southwest/premier-credit-card,2025-12-31
jpmorgan-chase-bank-southwest-rapid-rewards-plus-credit-card,"Jpmorgan Chase Bank, National Association",CHASE,Southwest® Rapid Rewards® Plus Credit Card,true,National,,false,false,"{""2"",""3""}",2,true,,0.2774,0.2774,0.2474,0.1924,0.2474,0.2774,,,,,0.05,10.0,0.2849,0.05,10.0,21.0,69.0,0.0,0.0,29.0,"{""Travel-related rewards""}",,"{""Contactless Payments"",""Chip card"",""Fee-free foreign transactions"",""Mobile wallet provisioning (for example, Apple Pay)""}",https://creditcards.chase.com/southwest/plus-credit-card,2025-12-31
jpmorgan-chase-bank-southwest-rapid-rewards-employee-credit-card,"Jpmorgan Chase Bank, National Association",CHASE,Southwest® Rapid Rewards® Employee Credit Card,true,National,,true,false,"{""2"",""3""}",2,true,,0.1674,0.1674,0.1674,0.1674,0.1674,0.1674,,,,,0.05,5.0,0.2849,0.05,10.0,21.0,0.0,0.0,0.0,29.0,"{""Travel-related rewards""}",,"{""Contactless Payments"",""Chip card"",""Fee-free foreign transactions"",""Mobile wallet provisioning (for example, Apple Pay)""}",https://creditcards.chase.com/southwest/employee-credit-card,2025-12-31
jpmorgan-chase-bank-aer-lingus-visa-signature,"Jpmorgan Chase Bank, National Association",CHASE,Aer Lingus Visa Signature,true,National,,false,false,"{""2"",""3""}",2,true,,0.2774,0.2774,0.2674,0.1924,0.2774,0.2774,,,,,0.05,5.0,0.2849,0.05,10.0,21.0,95.0,0.0,0.0,29.0,"{""Travel-related rewards""}",,"{""Contactless Payments"",""Chip card"",""Fee-free foreign transactions"",""Mobile wallet provisioning (for example, Apple Pay)""}",https://www.chase.com,2025-12-31
jpmorgan-chase-bank-marriott-bonvoy-bountiful-credit-card,"Jpmorgan Chase Bank, National Association",CHASE,Marriott Bonvoy Bountiful Credit Card,true,National,,false,false,"{""2"",""3""}",2,true,,0.2774,0.2774,0.2674,0.1924,0.2774,0.2774,,,,,0.05,5.0,0.2849,0.05,10.0,21.0,250.0,0.0,0.0,29.0,"{""Travel-related rewards""}",,"{""Contactless Payments"",""Chip card"",""Fee-free foreign transactions"",""Mobile wallet provisioning (for example, Apple Pay)""}",https://marriott.chase.com/bountiful,2025-12-31
jpmorgan-chase-bank-marriott-bonvoy-boundless-credit-card,"Jpmorgan Chase Bank, National Association",CHASE,Marriott Bonvoy Boundless Credit Card,true,National,,false,false,"{""2"",""3""}",2,true,,0.2774,0.2774,0.2674,0.1924,0.2774,0.2774,,,,,0.05,5.0,0.2849,0.05,10.0,21.0,95.0,0.0,0.0,29.0,"{""Travel-related rewards""}",,"{""Contactless Payments"",""Chip card"",""Fee-free foreign transactions"",""Mobile wallet provisioning (for example, Apple Pay)""}",https://marriott.chase.com/boundless,2025-12-31
jpmorgan-chase-bank-marriott-bonvoy-bold-credit-card,"Jpmorgan Chase Bank, National Association",CHASE,Marriott Bonvoy Bold Credit Card,true,National,,false,false,"{""2"",""3""}",2,true,,0.2774,0.2774,0.2674,0.1924,0.2774,0.2774,,,,,0.05,5.0,0.2849,0.05,10.0,21.0,0.0,0.0,0.0,29.0,"{""Travel-related rewards""}",,"{""Contactless Payments"",""Chip card"",""Fee-free foreign transactions"",""Mobile wallet provisioning (for example, Apple Pay)""}",https://marriott.chase.com/bold,2025-12-31
jpmorgan-chase-bank-sapphire-preferred,"Jpmorgan Chase Bank, National Association",CHASE,Sapphire Preferred,true,National,,false,false,"{""3""}",3,true,0.2749,0.2749,0.2749,0.2649,0.1924,0.2749,0.2749,,,,,0.05,5.0,0.2849,0.05,10.0,21.0,95.0,0.0,0.0,29.0,"{""Cashback rewards"",""Travel-related rewards""}",,"{""Contactless Payments"",""Chip card"",""Fee-free foreign transactions"",""Mobile wallet provisioning (for example, Apple Pay)""}",https://www.chase.com,2025-12-31
jpmorgan-chase-bank-sapphire-reserve,"Jpmorgan Chase Bank, National Association",CHASE,Sapphire Reserve,true,National,,false,false,"{""3""}",3,true,0.2799,0.2799,0.2799,0.2799,0.1949,0.2699,0.2799,,,,,0.05,5.0,0.2849,0.05,10.0,21.0,795.0,0.0,0.0,29.0,"{""Cashback rewards"",""Travel-related rewards""}",,"{""Contactless Payments"",""Chip card"",""Fee-free foreign transactions"",""Mobile wallet provisioning (for example, Apple Pay)""}",https://www.chase.com,2025-12-31
jpmorgan-chase-bank-freedom-rise,"Jpmorgan Chase Bank, National Association",CHASE,Freedom Rise,true,National,,false,false,"{""0""}",0,true,,,,,0.2524,0.2524,0.2524,,,,,0.05,5.0,0.2849,0.05,10.0,21.0,0.0,0.0,0.03,29.0,"{""Cashback rewards""}",,"{""Contactless Payments"",""Chip card"",""Mobile wallet provisioning (for example, Apple Pay)""}",https://www.chase.com,2025-12-31
jpmorgan-chase-bank-freedom-flex,"Jpmorgan Chase Bank, National Association",CHASE,Freedom Flex,true,National,,false,false,"{""2"",""3""}",2,true,0.2774,0.2774,0.2774,0.2474,0.1824,0.2674,0.2774,0.0,15.0,0.0,15.0,0.05,5.0,0.2849,0.05,10.0,21.0,0.0,0.0,0.03,29.0,"{""Cashback rewards"",""Travel-related rewards""}",,"{""Contactless Payments"",""Chip card"",""Mobile wallet provisioning (for example, Apple Pay)""}",https://www.chase.com,2025-12-31
jpmorgan-chase-bank-freedom-unlimited,"Jpmorgan Chase Bank, National Association",CHASE,Freedom Unlimited,true,National,,false,false,"{""2"",""3""}",2,true,0.2774,0.2774,0.2774,0.2674,0.1824,0.2774,0.2774,0.0,15.0,0.0,15.0,0.05,5.0,0.2849,0.05,10.0,21.0,0.0,0.0,0.03,29.0,"{""Cashback rewards"",""Travel-related rewards""}",,"{""Contactless Payments"",""Chip card"",""Mobile wallet provisioning (for example, Apple Pay)""}",https://www.chase.com,2025-12-31
jpmorgan-chase-bank-slate-edge,"Jpmorgan Chase Bank, National Association",CHASE,Slate Edge,true,National,,false,false,"{""2"",""3""}",2,true,0.2824,0.2824,0.2824,0.2524,0.1824,0.2824,0.2824,0.0,18.0,0.0,18.0,0.05,5.0,0.2849,0.05,10.0,21.0,0.0,0.0,0.03,29.0,{},,"{""Contactless Payments"",""Chip card"",""Mobile wallet provisioning (for example, Apple Pay)""}",https://www.chase.com,2025-12-31
jpmorgan-chase-bank-chase-aeroplan-card,"Jpmorgan Chase Bank, National Association",CHASE,Chase Aeroplan Card,true,National,,false,false,"{""2"",""3""}",2,true,,0.2824,0.2824,0.2774,0.1974,0.2824,0.2824,,,,,0.05,5.0,0.2849,0.05,10.0,21.0,95.0,0.0,0.0,29.0,"{""Cashback rewards"",""Travel-related rewards"",""Other rewards""}","Pay Yourself Back; Ultimate Rewards points transfer; Ultimate Rewards redemption for statement credit, gift card, and travel","{""Contactless Payments"",""Chip card"",""Fee-free foreign transactions"",""Mobile wallet provisioning (for example, Apple Pay)""}",https://www.Chase.com/aeroplan,2025-12-31
jpmorgan-chase-bank-instacart-mastercard,"Jpmorgan Chase Bank, National Association",CHASE,Instacart Mastercard,true,National,,false,false,"{""2"",""3""}",2,true,,0.2774,0.2774,0.2674,0.1824,0.2774,0.2774,,,,,0.05,5.0,0.2849,0.05,10.0,21.0,0.0,0.0,0.0,29.0,"{""Cashback rewards"",""Travel-related rewards"",""Other rewards""}",Customers can pay with points at Instacart.,"{""Contactless Payments"",""Chip card"",""Fee-free foreign transactions""}",https://chase.com/instacart,2025-12-31
kings-federal-credit-union-visa-classic,Kings Federal Credit Union,,Visa Classic,false,One State/Territory,CA,false,false,"{""3""}",3,false,0.1495,0.175,0.1395,0.0995,0.0895,0.123,0.18,,,0.0299,9.0,0.02,0.0,,0.02,0.0,30.0,0.0,0.0,0.01,25.0,"{""Cashback rewards"",""Travel-related rewards""}",,"{""Contactless Payments"",""Chip card"",""Mobile wallet provisioning (for example, Apple Pay)""}",https://www.kingsfcu.com/credit-cards/,2025-12-31
kirtland-federal-credit-union-visa-platinum-rewards,Kirtland Federal Credit Union,,VISA PLATINUM REWARDS,false,National,,true,false,"{""0"",""1"",""2"",""3""}",0,false,,,,,,,,,,,,,,,,,,0.0,0.0,0.0,,"{""Other rewards""}","Credit card purchases made within the first 90 days of account opening will earn 3.0 reward points on every dollar of net purchases, up to a maximum of $5,000.00. Once the 90 days expires, or the $5,000.00 maximum on net purchases, whichever occurs first,","{""Contactless Payments"",""Chip card"",""Fee-free foreign transactions"",""Mobile wallet provisioning (for example, Apple Pay)"",""Other""}",https://kirtlandcu.org/,2025-12-31
kirtland-federal-credit-union-visa-platinum-cash-rebate,Kirtland Federal Credit Union,,VISA PLATINUM CASH REBATE,false,National,,true,false,"{""0"",""1"",""2"",""3""}",0,false,,,,,,,,,,,,,,0.165,,,,0.0,0.0,0.0,,"{""Cashback rewards""}",,"{""Contactless Payments"",""Chip card"",""Fee-free foreign transactions"",""Mobile wallet provisioning (for example, Apple Pay)"",""Other""}",https://kirtlandcu.org/,2025-12-31
kirtland-federal-credit-union-visa-platinum-low-rate,Kirtland Federal Credit Union,,VISA PLATINUM LOW RATE,false,National,,true,false,"{""0"",""1"",""2"",""3""}",0,true,0.165,0.165,0.16,0.1,0.0975,0.1225,0.165,0.0,12.0,0.0,12.0,,,,,,,0.0,0.0,0.0,,{},,"{""Contactless Payments"",""Chip card"",""Fee-free foreign transactions"",""Mobile wallet provisioning (for example, Apple Pay)"",""Other""}",https://kirtlandcu.org/,2025-12-31
lake-trust-credit-union-platinum-elite,Lake Trust Credit Union,,Platinum Elite,false,National,,true,false,"{""2""}",2,false,,,,,,,,,,,,,,,,,25.0,0.0,0.0,0.01,25.0,{},,"{""Contactless Payments"",""Chip card"",""Mobile wallet provisioning (for example, Apple Pay)""}",https://www.laketrust.org,2025-12-31
landings-credit-union-visa-consumer-rewards,Landings Credit Union,,VISA Consumer Rewards,false,One State/Territory,AZ,true,false,"{""0"",""1"",""2"",""3""}",0,false,0.1525,0.1525,0.1225,0.0925,0.0925,0.1225,0.1525,,,,,,,,,,30.0,0.0,0.0,0.01,,"{""Cashback rewards"",""Travel-related rewards"",""Other rewards""}","Gift cards, pay for purchases, merchandise, donations, experiences.","{""Contactless Payments"",""Chip card"",""Mobile wallet provisioning (for example, Apple Pay)""}",https://www.landingscu.org/,2025-12-31
langley-federal-credit-union-select-visa,Langley Federal Credit Union,,Select Visa,false,National,,true,false,"{""2"",""3""}",2,true,,,0.145,0.105,0.105,0.125,0.18,,,,,,,0.125,,,,0.0,0.0,0.01,,{},,"{""Contactless Payments"",""Chip card"",""Mobile wallet provisioning (for example, Apple Pay)""}","https://www.langleyfcu.org/#:~:text=About%20Langley%20*%20About%20About%20Langley%20Locations,in%20the%20Community%20Scholarships%202024%20Community%20Impact.",2025-12-31
latino-community-credit-union-lccu-unsecured-visa-credit-card,Latino Community Credit Union,,LCCU Unsecured Visa Credit Card,false,One State/Territory,NC,true,false,"{""0"",""1"",""2"",""3""}",0,true,,,,,0.1625,0.1625,0.1625,,,,,,,0.1625,,,25.0,0.0,0.0,0.01,10.0,{},,"{""Contactless Payments"",""Chip card"",""Mobile wallet provisioning (for example, Apple Pay)""}",https://latinoccu.org/,2025-12-31
latino-community-credit-union-lccu-secured-visa-credit-card,Latino Community Credit Union,,LCCU Secured Visa Credit Card,false,Regional,,true,true,"{""0"",""1"",""2"",""3""}",0,true,,,,,0.1125,0.1125,0.1125,,,,,,,0.1125,,,25.0,0.0,0.0,0.01,10.0,{},,"{""Contactless Payments"",""Chip card"",""Mobile wallet provisioning (for example, Apple Pay)""}",https://latinoccu.org/,2025-12-31
lighthouse-federal-credit-union-anchor-anchor-secured-visa,Lighthouse Federal Credit Union,,Anchor & Anchor Secured Visa,false,National,,true,false,"{""2"",""3""}",2,true,,,,,0.1249,0.1249,0.1249,,,,,,,0.1249,,,25.0,0.0,0.0,0.01,,{},,"{""Contactless Payments"",""Chip card"",""Mobile wallet provisioning (for example, Apple Pay)""}",https://lighthousecu.org/credit-cards/anchor-credit-card/,2025-12-31
long-reach-federal-credit-union-master-card,Long Reach Federal Credit Union,,Master Card,false,Regional,,true,false,"{""0""}",0,false,,,,,0.109,0.109,0.109,,,,,,,0.109,,,30.0,0.0,0.0,0.0,15.0,"{""Travel-related rewards"",""Other rewards""}","Loyalty Rewards Program. They can earn points and cash those in for products or cash back. They can also redeem those points for money off at merchants like gas stations, Walmart, etc.","{""Contactless Payments"",""Chip card"",""Fee-free foreign transactions"",""Mobile wallet provisioning (for example, Apple Pay)""}",,2025-12-31
m-p-d-community-credit-union-mpd-community-credit-union-visa-classic-credit-card,M.P.D. Community Credit Union,,MPD Community Credit Union Visa Classic credit card,false,One State/Territory,TN,true,false,"{""0"",""1"",""2"",""3""}",0,false,0.149,0.169,0.1356,0.0923,0.0,0.0,0.0,0.0,6.0,,,,,0.069,,,25.0,0.0,0.0,0.01,27.0,{},,"{""Contactless Payments"",""Chip card"",""Mobile wallet provisioning (for example, Apple Pay)""}",,2025-12-31
magnolia-federal-credit-union-magnolia-fcu-visa,Magnolia Federal Credit Union,,Magnolia FCU Visa,false,One State/Territory,MS,true,false,"{""1"",""2"",""3""}",1,true,,0.18,0.1175,0.0875,0.0875,0.1175,0.18,,,,,,,,,,25.0,0.0,0.0,0.0,25.0,"{""Cashback rewards"",""Travel-related rewards"",""Other rewards""}",Gift cards and miscellaneous merchandise,"{""Chip card"",""Fee-free foreign transactions"",""Mobile wallet provisioning (for example, Apple Pay)""}",https://www.magfedcu.org,2025-12-31
maine-highlands-federal-credit-union-visa-traditional-credit-card-program,Maine Highlands Federal Credit Union,,VISA Traditional Credit Card Program,false,National,,true,false,"{""0"",""1"",""2"",""3""}",0,false,,,,,,,,,,,,,,0.139,,,30.0,0.0,0.0,0.0,10.0,{},,"{""Contactless Payments"",""Chip card"",""Fee-free foreign transactions"",""Mobile wallet provisioning (for example, Apple Pay)""}",https://www.cardbenefitservices.com,2025-12-31
matanuska-valley-federal-credit-union-visa-classic,Matanuska Valley Federal Credit Union,,Visa Classic,false,National,,true,false,"{""2""}",2,true,0.1275,0.14,0.1225,0.11,0.11,0.11,0.14,,,,,,,,,,30.0,0.0,0.0,0.02,,{},,"{""Chip card"",""Mobile wallet provisioning (for example, Apple Pay)""}",https://www.mvfcu.coop,2025-12-31
matanuska-valley-federal-credit-union-visa-secured-credit-card,Matanuska Valley Federal Credit Union,,VISA Secured Credit Card,false,National,,true,true,"{""0"",""1""}",0,true,,,,,0.16,0.16,0.16,,,,,,,0.16,,,30.0,0.0,0.0,0.02,,{},,"{""Chip card"",""Mobile wallet provisioning (for example, Apple Pay)""}",https://www.mvfcu.coop,2025-12-31
maui-county-federal-credit-union-visa-platinum,Maui County Federal Credit Union,,Visa Platinum,false,One State/Territory,HI,false,false,"{""3""}",3,false,0.155,0.165,0.135,0.105,0.07,0.105,0.175,,,0.0,18.0,0.03,5.0,,,,25.0,0.0,0.0,0.01,25.0,{},,"{""Contactless Payments"",""Chip card"",""Mobile wallet provisioning (for example, Apple Pay)""}",https://www.mauicountyfcu.org,2025-12-31
maui-county-federal-credit-union-visa-rewards,Maui County Federal Credit Union,,Visa Rewards,false,One State/Territory,HI,true,false,"{""3""}",3,false,0.175,0.175,0.175,0.145,0.11,0.145,0.175,,,0.0,18.0,0.03,5.0,,,,25.0,0.0,0.0,0.01,25.0,"{""Cashback rewards"",""Travel-related rewards""}",,"{""Contactless Payments"",""Chip card"",""Mobile wallet provisioning (for example, Apple Pay)""}",https://www.mauicountyfcu.org,2025-12-31
maui-county-federal-credit-union-visa-secured,Maui County Federal Credit Union,,Visa Secured,false,One State/Territory,HI,true,true,"{""0"",""1""}",0,false,,,,,0.175,0.175,0.175,,,,,,,0.175,,,25.0,0.0,0.0,0.01,25.0,{},,"{""Contactless Payments"",""Chip card"",""Mobile wallet provisioning (for example, Apple Pay)""}",https://www.mauicountyfcu.org,2025-12-31
maui-federal-credit-union-mauifed-visa-secured,Maui Federal Credit Union,,MauiFed VISA SECURED,false,One State/Territory,HI,true,true,"{""0"",""1"",""2"",""3""}",0,false,,,,,0.0699,0.0699,0.0699,,,,,,,0.0699,,,25.0,0.0,0.0,0.0,25.0,"{""Cashback rewards""}",,"{""Contactless Payments"",""Chip card"",""Fee-free foreign transactions""}",https://www.mauifcu.com/Credit-Cards,2025-12-31
maui-federal-credit-union-mauifed-visa-platinum,Maui Federal Credit Union,,MauiFed VISA Platinum,false,One State/Territory,HI,true,false,"{""0"",""1"",""2"",""3""}",0,true,0.18,0.18,0.1615,0.1315,0.1215,0.1415,0.18,,,,,,,,,,25.0,0.0,0.0,0.0,25.0,"{""Cashback rewards""}",,"{""Contactless Payments"",""Chip card"",""Fee-free foreign transactions""}",https://www.mauifcu.com/Credit-Cards,2025-12-31
meridian-trust-federal-credit-union-visa-rewards,Meridian Trust Federal Credit Union,,VISA REWARDS,false,National,,false,false,"{""2"",""3""}",2,true,,,,,0.12,0.12,0.12,,,,,,,0.12,0.03,,28.0,0.0,0.0,0.01,25.0,"{""Cashback rewards""}",,"{""Contactless Payments"",""Chip card"",""Mobile wallet provisioning (for example, Apple Pay)""}",https://www.mymeridiantrust.com,2025-12-31
merrick-bank-ollo-rewards-for-nurses-mastercard,Merrick Bank,,Ollo Rewards+ for Nurses Mastercard,true,National,,true,false,"{""0"",""1"",""2"",""3""}",0,true,0.2874,0.2874,0.2874,0.2474,0.2449,0.2874,0.2899,0.0,12.0,0.0,12.0,0.04,5.0,,0.05,10.0,25.0,0.0,0.0,0.0,29.0,"{""Cashback rewards""}",,"{""Contactless Payments"",""Chip card"",""Fee-free foreign transactions"",""Mobile wallet provisioning (for example, Apple Pay)""}",https://www.ollocard.com,2025-12-31
merrick-bank-ollo-rewards-for-educators-mastercard,Merrick Bank,,Ollo Rewards+ for Educators Mastercard,true,National,,true,false,"{""0"",""1"",""2"",""3""}",0,true,0.2874,0.2874,0.2874,0.2474,0.2449,0.2874,0.2899,0.0,12.0,0.0,12.0,0.04,5.0,,0.05,10.0,25.0,0.0,0.0,0.0,29.0,"{""Cashback rewards""}",,"{""Contactless Payments"",""Chip card"",""Fee-free foreign transactions"",""Mobile wallet provisioning (for example, Apple Pay)""}",https://www.ollocard.com,2025-12-31
merrick-bank-ollo-select-rewards-mastercard,Merrick Bank,,Ollo Select Rewards Mastercard,true,National,,false,false,"{""1"",""2""}",1,true,,,,,0.2949,0.2949,0.2974,0.0,12.0,0.0,12.0,0.04,5.0,0.2949,0.05,10.0,25.0,0.0,0.0,0.0,29.0,"{""Cashback rewards""}",,"{""Contactless Payments"",""Chip card"",""Fee-free foreign transactions"",""Mobile wallet provisioning (for example, Apple Pay)""}",https://www.ollocard.com,2025-12-31
merrick-bank-ollo-platinum-mastercard,Merrick Bank,,Ollo Platinum Mastercard,true,National,,false,false,"{""0"",""1"",""2"",""3""}",0,true,0.2899,0.2974,0.2899,0.2299,0.2249,0.2949,0.2999,0.0,9.0,0.0,9.0,0.04,5.0,,0.05,10.0,25.0,0.0,0.0,0.0,29.0,{},,"{""Contactless Payments"",""Chip card"",""Fee-free foreign transactions"",""Mobile wallet provisioning (for example, Apple Pay)""}",https://www.ollocard.com,2025-12-31
merrick-bank-ollo-everyday-rewards-mastercard,Merrick Bank,,Ollo Everyday Rewards Mastercard,true,National,,false,false,"{""0"",""1"",""2"",""3""}",0,true,0.2974,0.2974,0.2974,0.2474,0.2449,0.2974,0.2999,0.0,12.0,0.0,12.0,0.04,5.0,,0.05,10.0,25.0,39.0,0.0,0.0,29.0,"{""Cashback rewards""}",,"{""Contactless Payments"",""Chip card"",""Fee-free foreign transactions"",""Mobile wallet provisioning (for example, Apple Pay)""}",https://www.ollocard.com,2025-12-31
merrick-bank-secured-card,Merrick Bank,,Secured Card,true,National,,false,true,"{""0"",""2"",""3""}",0,true,,,,,0.2195,0.2245,0.227,,,,,,,0.2745,0.04,10.0,25.0,36.0,0.0,0.02,29.0,{},,"{""Contactless Payments"",""Chip card"",""Mobile wallet provisioning (for example, Apple Pay)""}",https://www.merrickbank.com/products/secured-card/,2025-12-31
merrick-bank-unsecured-dyl,Merrick Bank,,Unsecured DYL,true,National,,false,false,"{""1"",""2"",""3""}",1,true,,0.3395,0.3395,0.347,0.2995,0.3395,0.347,,,,,,,,0.04,10.0,25.0,48.0,0.0,0.02,29.0,{},,"{""Contactless Payments"",""Chip card"",""Mobile wallet provisioning (for example, Apple Pay)""}",https://www.merrickbank.com/products/credit-card/,2025-12-31
merrick-bank-unsecured,Merrick Bank,,Unsecured,true,National,,false,false,"{""1"",""2"",""3""}",1,true,,0.3445,0.3445,0.347,0.2995,0.3445,0.347,,,,,,,,0.04,10.0,25.0,48.0,0.0,0.02,29.0,{},,"{""Contactless Payments"",""Chip card"",""Mobile wallet provisioning (for example, Apple Pay)""}",https://www.merrickbank.com/products/credit-card/,2025-12-31
mid-american-credit-union-select-visa,Mid American Credit Union,,Select Visa,false,National,,true,false,"{""2"",""3""}",2,false,,,,,0.099,0.099,0.099,,,,,,,0.099,,,25.0,0.0,0.0,0.01,,"{""Cashback rewards"",""Travel-related rewards"",""Other rewards""}","Gift cards, Pay with Points, Fuel with Points, Checkout with Points","{""Chip card"",""Mobile wallet provisioning (for example, Apple Pay)"",""Other""}",https://www.midamerican.coop,2025-12-31
mid-american-credit-union-select-gold-visa,Mid American Credit Union,,Select Gold Visa,false,National,,true,false,"{""0"",""1"",""2"",""3""}",0,false,,,,,0.099,0.099,0.099,,,,,,,0.099,,,25.0,0.0,0.0,0.01,,"{""Cashback rewards"",""Travel-related rewards"",""Other rewards""}","Gift cards, Pay with Points, Fuel with Points, Checkout with Points","{""Chip card"",""Mobile wallet provisioning (for example, Apple Pay)"",""Other""}",https://www.midamerican.coop,2025-12-31
mid-american-credit-union-everyday-visa,Mid American Credit Union,,Everyday Visa,false,National,,true,false,"{""0"",""1"",""2""}",0,false,,,,,0.149,0.149,0.149,,,,,,,0.149,,,25.0,0.0,0.0,0.01,,"{""Cashback rewards"",""Travel-related rewards"",""Other rewards""}","Gift cards, Pay with Points, Fuel with Points, Checkout with Points","{""Chip card"",""Mobile wallet provisioning (for example, Apple Pay)"",""Other""}",https://www.midamerican.coop,2025-12-31
mid-american-credit-union-everyday-gold-visa,Mid American Credit Union,,Everyday Gold Visa,false,National,,true,false,"{""0"",""1"",""2"",""3""}",0,false,,,,,0.149,0.149,0.149,,,,,,,0.149,,,25.0,0.0,0.0,0.01,,"{""Cashback rewards"",""Travel-related rewards"",""Other rewards""}","Gift cards, Pay with Points, Fuel with Points, Checkout with Points","{""Chip card"",""Mobile wallet provisioning (for example, Apple Pay)"",""Other""}",https://www.midamerican.coop,2025-12-31
mid-american-credit-union-youth-visa,Mid American Credit Union,,Youth Visa,false,National,,true,false,"{""0"",""1"",""2"",""3""}",0,false,,,,,0.099,0.099,0.099,,,,,,,0.099,,,25.0,0.0,0.0,0.01,,"{""Cashback rewards"",""Travel-related rewards"",""Other rewards""}","Gift cards, Pay with Points, Fuel with Points, Checkout with Points","{""Chip card"",""Mobile wallet provisioning (for example, Apple Pay)"",""Other""}",https://www.midamerican.coop,2025-12-31
mid-american-credit-union-9-9-share-secured-visa,Mid American Credit Union,,9.9% Share Secured Visa,false,National,,true,true,"{""2"",""3""}",2,false,,,,,0.099,0.099,0.099,,,,,,,0.099,,,25.0,0.0,0.0,0.01,,"{""Cashback rewards"",""Travel-related rewards"",""Other rewards""}","Gift cards, Pay with Points, Fuel with Points, Checkout with Points","{""Chip card"",""Mobile wallet provisioning (for example, Apple Pay)"",""Other""}",https://www.midamerican.coop,2025-12-31
mid-american-credit-union-14-9-share-secured-visa,Mid American Credit Union,,14.9% Share Secured Visa,false,National,,true,true,"{""0"",""1"",""2""}",0,false,,,,,0.149,0.149,0.149,,,,,,,0.149,,,25.0,0.0,0.0,0.01,,"{""Cashback rewards"",""Travel-related rewards"",""Other rewards""}","Gift cards, Pay with Points, Fuel with Points, Checkout with Points","{""Chip card"",""Mobile wallet provisioning (for example, Apple Pay)"",""Other""}",https://www.midamerican.coop,2025-12-31
mid-carolina-credit-union-credit-card-program,Mid Carolina Credit Union,,Credit Card Program,false,National,,true,false,"{""2"",""3""}",2,true,,0.1495,0.1295,0.1095,0.0745,0.1295,0.18,,,,,0.03,5.0,,0.03,5.0,25.0,0.0,0.0,0.008,,"{""Cashback rewards"",""Travel-related rewards"",""Other rewards""}",point for items,"{""Chip card"",""Mobile wallet provisioning (for example, Apple Pay)""}",,2025-12-31
midfirst-bank-consumer-platinum-non-rewards-card,Midfirst Bank,,Consumer Platinum (Non-Rewards) Card,false,National,,false,false,"{""2"",""3""}",2,true,,,0.1824,0.1374,0.1374,0.1774,0.2174,0.0,12.0,0.0,12.0,0.03,10.0,,0.05,10.0,27.0,0.0,0.0,0.03,24.5,{},,"{""Contactless Payments"",""Chip card"",""Mobile wallet provisioning (for example, Apple Pay)""}",https://www.midfirst.com/creditcards,2025-12-31
mirastar-federal-credit-union-visa-platinum-credit-card,Mirastar Federal Credit Union,,Visa Platinum Credit Card,false,National,,true,false,"{""2"",""3""}",2,true,,,,,0.1499,0.1499,0.1499,,,0.0199,12.0,0.03,,0.1499,0.03,,,0.0,0.0,0.02,,"{""Travel-related rewards""}",,"{""Contactless Payments"",""Chip card"",""Mobile wallet provisioning (for example, Apple Pay)""}",https://www.mirastarfcu.org/banking/borrow-buy/credit-card,2025-12-31
mission-federal-credit-union-platinum-rewards-credit-card,Mission Federal Credit Union,,Platinum Rewards Credit Card,false,One State/Territory,CA,true,false,"{""1"",""2"",""3""}",1,false,,0.1799,0.1599,0.1399,0.1399,0.1599,0.1799,0.0,12.0,0.0,12.0,0.03,3.0,,0.03,3.0,21.0,0.0,0.0,0.02,25.0,"{""Cashback rewards"",""Travel-related rewards"",""Other rewards""}",Gift Card & Merchandise,"{""Contactless Payments"",""Chip card"",""Mobile wallet provisioning (for example, Apple Pay)""}",http://www.missionfed.com,2025-12-31
n-a-e-federal-credit-union-nae-fcu-platinum-visa,N A E Federal Credit Union,,NAE FCU Platinum Visa,false,One State/Territory,VA,true,false,"{""2""}",2,false,0.1499,0.1499,0.1049,0.0899,0.0899,0.1049,0.1699,,,,,,,,0.01,,25.0,0.0,0.0,0.02,28.0,"{""Other rewards""}",Scorecard Rewards,"{""Chip card""}",,2025-12-31
navy-federal-credit-union-platinum,Navy Federal Credit Union,,Platinum,true,National,,true,false,"{""0"",""1"",""2"",""3""}",0,true,0.18,0.18,0.18,0.18,0.1049,0.145,0.18,,,0.0099,12.0,,,0.18,,,25.0,0.0,0.0,0.0,20.0,{},,"{""Contactless Payments"",""Chip card"",""Fee-free foreign transactions"",""Mobile wallet provisioning (for example, Apple Pay)""}",https://www.navyfederal.org/,2025-12-31
navy-federal-credit-union-gorewards,Navy Federal Credit Union,,GoRewards,true,National,,true,false,"{""0"",""1"",""2"",""3""}",0,true,0.18,0.18,0.18,0.18,0.1374,0.1612,0.18,0.0099,6.0,,,,,0.18,,,25.0,0.0,0.0,0.0,20.0,"{""Cashback rewards"",""Travel-related rewards"",""Other rewards""}",Gift cards and Merchandise,"{""Contactless Payments"",""Chip card"",""Fee-free foreign transactions"",""Mobile wallet provisioning (for example, Apple Pay)""}",https://www.navyfederal.org/,2025-12-31
navy-federal-credit-union-flagship,Navy Federal Credit Union,,Flagship,true,National,,true,false,"{""0"",""1"",""2"",""3""}",0,true,0.18,0.18,0.18,0.18,0.1499,0.1599,0.18,,,,,,,0.18,,,25.0,49.0,0.0,0.0,20.0,"{""Cashback rewards"",""Travel-related rewards"",""Other rewards""}",Gift cards and Merchandise,"{""Contactless Payments"",""Chip card"",""Fee-free foreign transactions"",""Mobile wallet provisioning (for example, Apple Pay)""}",https://www.navyfederal.org/,2025-12-31
navy-federal-credit-union-more-rewards,Navy Federal Credit Union,,More Rewards,true,National,,true,false,"{""0"",""1"",""2"",""3""}",0,true,0.18,0.18,0.18,0.18,0.144,0.1645,0.18,,,,,,,0.18,,,25.0,0.0,0.0,0.0,20.0,"{""Cashback rewards"",""Travel-related rewards"",""Other rewards""}",Gift cards and Merchandise,"{""Contactless Payments"",""Chip card"",""Fee-free foreign transactions"",""Mobile wallet provisioning (for example, Apple Pay)""}",https://www.navyfederal.org/,2025-12-31
navy-federal-credit-union-cashrewards-secured,Navy Federal Credit Union,,cashRewards Secured,true,National,,true,true,"{""0"",""1"",""2"",""3""}",0,true,,,,,0.18,0.18,0.18,,,,,,,0.18,,,25.0,0.0,0.0,0.0,20.0,"{""Cashback rewards""}",,"{""Contactless Payments"",""Chip card"",""Fee-free foreign transactions"",""Mobile wallet provisioning (for example, Apple Pay)""}",https://www.navyfederal.org/,2025-12-31
navy-federal-credit-union-cashrewards-plus,Navy Federal Credit Union,,cashRewards Plus,true,National,,true,false,"{""0"",""1"",""2"",""3""}",0,true,0.18,0.18,0.18,0.18,0.144,0.18,0.18,,,0.0199,12.0,,,0.18,,,25.0,0.0,0.0,0.0,20.0,"{""Cashback rewards""}",,"{""Contactless Payments"",""Chip card"",""Fee-free foreign transactions"",""Mobile wallet provisioning (for example, Apple Pay)""}",https://www.navyfederal.org/,2025-12-31
navy-federal-credit-union-cashrewards,Navy Federal Credit Union,,cashRewards,true,National,,true,false,"{""0"",""1"",""2"",""3""}",0,true,0.18,0.18,0.18,0.18,0.144,0.18,0.18,,,0.0199,12.0,,,,,,25.0,0.0,0.0,0.0,20.0,"{""Cashback rewards""}",,"{""Contactless Payments"",""Chip card"",""Fee-free foreign transactions"",""Mobile wallet provisioning (for example, Apple Pay)""}",https://www.navyfederal.org/,2025-12-31
nih-federal-credit-union-visa-platinum-card,Nih Federal Credit Union,,Visa Platinum Card,false,National,,true,false,"{""2""}",2,true,,,0.1699,0.1299,0.1199,0.1399,0.1699,,,0.0299,12.0,,,,,,30.0,0.0,0.0,0.01,,{},,"{""Contactless Payments"",""Chip card""}",https://www.nihfcu.org/personal/loans-credit-cards/credit-cards/,2025-12-31
north-country-federal-credit-union-visa-consumer-credit-card,North Country Federal Credit Union,,VISA Consumer Credit Card,false,Regional,,true,false,"{""2""}",2,false,0.1695,0.1395,0.1195,0.0745,0.0645,0.1195,0.1695,,,,,,,0.1195,,,,0.0,0.0,0.01,20.0,"{""Cashback rewards"",""Travel-related rewards"",""Other rewards""}",Redeem points for gifts cards or goods,"{""Contactless Payments"",""Chip card"",""Fee-free foreign transactions"",""Mobile wallet provisioning (for example, Apple Pay)""}",https://www.northcountry.org/spend/cards/credit-cards,2025-12-31
north-star-community-credit-union-north-star-ccu-visa,North Star Community Credit Union,,North Star CCU Visa,false,One State/Territory,ND,true,false,"{""2"",""3""}",2,false,,,,,0.11,0.12,0.13,,,,,,,0.12,,,25.0,0.0,0.0,0.0,15.0,"{""Travel-related rewards"",""Other rewards""}","Points that can be used to purchase merchandise at checkout, statement credit, and to purchase travel.","{""Contactless Payments"",""Chip card"",""Fee-free foreign transactions"",""Mobile wallet provisioning (for example, Apple Pay)""}",https://www.northstarccu.com/spend/credit-cards,2025-12-31
novation-credit-union-platinum,Novation Credit Union,,Platinum,false,National,,true,false,"{""3""}",3,false,,,,,,,,,,,,,,,,,25.0,0.0,0.0,0.0,25.0,"{""Cashback rewards"",""Travel-related rewards"",""Other rewards""}",Gift cards,"{""Contactless Payments"",""Chip card"",""Fee-free foreign transactions"",""Mobile wallet provisioning (for example, Apple Pay)""}",https://www.novation.org,2025-12-31
nuvista-federal-credit-union-visa-platinum-visa-classic-visa-secured,Nuvista Federal Credit Union,,"Visa Platinum, Visa Classic, Visa Secured",false,One State/Territory,CO,false,true,"{""0"",""1"",""2"",""3""}",0,false,,,,,,,,,,,,,,,,,25.0,0.0,0.0,0.01,25.0,"{""Travel-related rewards"",""Other rewards""}",,"{""Contactless Payments"",""Chip card""}",https://www.nuvista.org,2025-12-31
oklahoma-educators-credit-union-oecu-visa-classic-credit-card,Oklahoma Educators Credit Union,,OECU Visa Classic Credit Card,false,National,,true,false,"{""0"",""1"",""2"",""3""}",0,false,,,,,0.099,0.099,0.099,,,,,,,0.099,0.02,,25.0,0.0,0.0,0.01,25.0,{},,"{""Chip card""}",https://oecu.com,2025-12-31
oklahoma-educators-credit-union-oecu-visa-platinum-credit-card,Oklahoma Educators Credit Union,,OECU Visa Platinum Credit Card,false,National,,true,false,"{""0"",""1"",""2"",""3""}",0,false,0.18,0.18,0.1299,0.0949,0.0949,0.1299,0.18,,,,,,,,0.02,,25.0,0.0,0.0,0.01,25.0,"{""Travel-related rewards"",""Other rewards""}",Merchandise and Gift Cards,"{""Chip card""}",https://oecu.com,2025-12-31
oklahoma-s-credit-union-rewards-credit-card,Oklahoma'S Credit Union,,Rewards Credit Card,false,National,,true,false,"{""1"",""2"",""3""}",1,true,,0.1799,0.1649,0.1349,0.1349,0.1449,0.1799,,,,,,,,,,25.0,0.0,0.0,0.01,25.0,"{""Cashback rewards"",""Travel-related rewards"",""Other rewards""}",Merchandise,"{""Contactless Payments"",""Chip card"",""Mobile wallet provisioning (for example, Apple Pay)""}",https://www.okcu.org,2025-12-31
omaha-police-federal-credit-union-opfcu-visa,Omaha Police Federal Credit Union,,OPFCU VISA,false,National,,false,false,"{""0"",""1"",""2"",""3""}",0,false,,,,,0.0899,0.1299,0.18,,,,,,,0.1299,,,25.0,0.0,0.0,0.01,20.0,"{""Cashback rewards"",""Travel-related rewards"",""Other rewards""}",,"{""Chip card""}",https://opfcu.net,2025-12-31
on-tap-credit-union-visa-summit,On Tap Credit Union,,Visa Summit,false,National,,true,false,"{""0"",""1"",""2"",""3""}",0,false,,,,,,,,0.0599,6.0,0.0699,12.0,,,0.0699,,,30.0,0.0,0.0,0.01,15.0,{},,"{""Mobile wallet provisioning (for example, Apple Pay)""}",https://www.ontapcu.org/,2025-12-31
one-nevada-credit-union-signature-visa,One Nevada Credit Union,,Signature Visa,false,National,,true,false,"{""2"",""3""}",2,true,,,0.1775,0.1325,0.1175,0.1625,0.2075,,,,,0.03,25.0,,0.02,5.0,21.0,0.0,0.0,0.02,27.0,"{""Cashback rewards"",""Travel-related rewards""}",,"{""Contactless Payments"",""Chip card"",""Mobile wallet provisioning (for example, Apple Pay)""}",https://www.onenevada.org,2025-12-31
ontario-shores-federal-credit-union-ontario-shores-federal-credit-union-classic-,Ontario Shores Federal Credit Union,,Ontario Shores Federal Credit Union Classic Credit Card,false,One State/Territory,NY,true,false,"{""0"",""1"",""2"",""3""}",0,false,,,,,,,,,,0.035,12.0,,,0.119,,,,0.0,0.0,0.0,10.0,"{""Cashback rewards"",""Other rewards""}",third party reward program,"{""Contactless Payments"",""Chip card"",""Fee-free foreign transactions""}",https://www.osfcu.com,2025-12-31
oregon-state-credit-union-visa-value-credit-card,Oregon State Credit Union,,Visa® Value Credit Card,false,One State/Territory,OR,false,false,"{""2"",""3""}",2,false,,,,,,,,,,,,,,0.1525,,,,0.0,0.0,0.01,25.0,{},,"{""Contactless Payments"",""Chip card"",""Mobile wallet provisioning (for example, Apple Pay)""}",https://www.oregonstatecu.com/credit-cards/visa-value-credit-card/,2025-12-31
orlando-credit-union-xtreme-rewards-credit-card,Orlando Credit Union,,Xtreme Rewards Credit Card,false,One State/Territory,FL,false,false,"{""1"",""2"",""3""}",1,true,,0.1775,0.1775,0.1675,0.1574,0.1675,0.18,,6.0,,6.0,,,0.1775,0.01,,25.0,0.0,0.0,0.0,,"{""Cashback rewards"",""Travel-related rewards""}",,"{""Contactless Payments"",""Chip card"",""Fee-free foreign transactions"",""Mobile wallet provisioning (for example, Apple Pay)""}",https://www.orlandocreditunion.org/loans-credit-cards/credit-cards/visa-xtreme-rewards-credit-card,2025-12-31
orlando-credit-union-smart-credit-card,Orlando Credit Union,,SMART Credit Card,false,One State/Territory,FL,false,false,"{""1"",""2"",""3""}",1,true,,0.1775,0.175,0.1474,0.1324,0.1612,0.18,,6.0,,6.0,,,0.1775,0.01,,25.0,0.0,0.0,0.01,,"{""Cashback rewards"",""Travel-related rewards""}",,"{""Contactless Payments"",""Chip card"",""Mobile wallet provisioning (for example, Apple Pay)""}",https://www.orlandocreditunion.org/loans-credit-cards/credit-cards/visa-smart-credit-card,2025-12-31
orlando-credit-union-secured-smart-credit-card,Orlando Credit Union,,Secured SMART Credit Card,false,One State/Territory,FL,false,true,"{""0"",""1"",""2"",""3""}",0,true,0.1775,0.1775,0.175,0.1474,0.1324,0.1612,0.18,,,,,,,,,,25.0,0.0,0.0,0.01,,"{""Cashback rewards"",""Travel-related rewards""}",,"{""Contactless Payments"",""Chip card"",""Mobile wallet provisioning (for example, Apple Pay)""}",https://www.orlandocreditunion.org/loans-credit-cards/credit-cards/secured-visa-smart-credit-card,2025-12-31
park-city-credit-union-visa-rewards,Park City Credit Union,,Visa Rewards,false,One State/Territory,WI,true,false,"{""2"",""3""}",2,true,0.14,0.19,0.14,0.12,0.12,0.14,0.19,,,0.0,12.0,0.04,,,,,28.0,0.0,0.0,0.01,,"{""Cashback rewards"",""Travel-related rewards"",""Other rewards""}","Our Visa Rewards Credit Card gives you 1 point for each dollar charged, which can be redeemed for gift cards, cash back, travel and more.","{""Chip card""}",https://www.parkcitycu.org,2025-12-31
park-city-credit-union-visa-classic,Park City Credit Union,,Visa Classic,false,One State/Territory,WI,true,false,"{""2"",""3""}",2,true,0.13,0.18,0.13,0.11,0.11,0.13,0.18,,,0.0,12.0,0.04,,,,,28.0,0.0,0.0,0.01,,{},,"{""Chip card""}",https://www.parkcitycu.org,2025-12-31
pathways-financial-credit-union-platinum-mastercard,"Pathways Financial Credit Union, Inc.",,Platinum MasterCard,false,Regional,,true,false,"{""2"",""3""}",2,true,0.158,0.155,0.139,0.122,0.1149,0.132,0.1899,,,,,,,,0.02,5.0,25.0,0.0,0.0,0.01,27.0,{},,"{""Contactless Payments"",""Chip card"",""Mobile wallet provisioning (for example, Apple Pay)"",""Other""}",https://www.pathwayscu.com,2025-12-31
pennsylvania-central-federal-credit-union-traditional,Pennsylvania Central Federal Credit Union,,Traditional,false,One State/Territory,PA,true,false,"{""1"",""2"",""3""}",1,false,,,,,0.099,0.099,0.099,,,,,,,0.099,,,30.0,0.0,0.0,0.0,25.0,{},,"{""Contactless Payments"",""Chip card"",""Fee-free foreign transactions"",""Mobile wallet provisioning (for example, Apple Pay)""}",https://www.pacentralfcu.com,2025-12-31
pennsylvania-state-employees-cu-classic-visa,Pennsylvania State Employees Cu,,Classic Visa,false,National,,false,false,"{""2"",""3""}",2,false,,,,,0.129,0.129,0.129,0.0,6.0,0.029,6.0,,,0.149,,,25.0,0.0,0.0,0.0,,{},,"{""Contactless Payments"",""Chip card"",""Fee-free foreign transactions"",""Mobile wallet provisioning (for example, Apple Pay)""}",https://www.psecu.com/,2025-12-31
pentagon-federal-credit-union-penfed-pathfinder-rewards-visa-signature-card,Pentagon Federal Credit Union,PENFED,PenFed Pathfinder® Rewards Visa Signature® Card,true,National,,false,false,"{""2"",""3""}",2,true,,,,,0.1799,0.1799,0.1799,,,0.0,12.0,0.03,,0.1799,,,25.0,95.0,0.0,0.0,,"{""Travel-related rewards""}",,"{""Contactless Payments"",""Chip card"",""Mobile wallet provisioning (for example, Apple Pay)""}",https://www.penfed.org,2025-12-31
pentagon-federal-credit-union-penfed-power-cash-rewards-visa-card,Pentagon Federal Credit Union,PENFED,PenFed Power Cash Rewards Visa® Card,true,National,,false,false,"{""2"",""3""}",2,true,,,,,0.1799,0.1799,0.1799,,,0.0,12.0,0.03,,0.1799,,,25.0,0.0,0.0,0.0,,"{""Cashback rewards""}",,"{""Contactless Payments"",""Chip card"",""Mobile wallet provisioning (for example, Apple Pay)""}",https://www.penfed.org,2025-12-31
pentagon-federal-credit-union-penfed-power-cash-rewards-visa-signature-card,Pentagon Federal Credit Union,PENFED,PenFed Power Cash Rewards Visa Signature® Card,true,National,,false,false,"{""2"",""3""}",2,true,,,,,0.1799,0.1799,0.1799,,,0.0,12.0,0.03,,0.1799,,,25.0,0.0,0.0,0.0,,"{""Cashback rewards""}",,"{""Contactless Payments"",""Chip card"",""Mobile wallet provisioning (for example, Apple Pay)""}",https://www.penfed.org,2025-12-31
pentagon-federal-credit-union-penfed-platinum-rewards-visa-card,Pentagon Federal Credit Union,PENFED,PenFed Platinum Rewards Visa® Card,true,National,,false,false,"{""2"",""3""}",2,true,,,,,0.1799,0.1799,0.1799,,,0.0,12.0,0.03,,0.1799,,,25.0,0.0,0.0,0.0,,"{""Other rewards""}","Cardholders earn points on purchases that can be redeemed for gift cards, travel, and other retail goods.","{""Contactless Payments"",""Chip card"",""Mobile wallet provisioning (for example, Apple Pay)""}",https://www.penfed.org,2025-12-31
pentagon-federal-credit-union-penfed-platinum-rewards-visa-signature-card,Pentagon Federal Credit Union,PENFED,PenFed Platinum Rewards Visa Signature® Card,true,National,,false,false,"{""2"",""3""}",2,true,,,,,0.1799,0.1799,0.1799,,,0.0,12.0,0.03,,0.1799,,,25.0,0.0,0.0,0.0,,"{""Other rewards""}","Cardholders earn points on purchases that can be redeemed for gift cards, travel, and other retail goods.","{""Contactless Payments"",""Chip card"",""Mobile wallet provisioning (for example, Apple Pay)""}",https://www.penfed.org,2025-12-31
pentagon-federal-credit-union-penfed-gold-visa-card,Pentagon Federal Credit Union,PENFED,PenFed Gold Visa® Card,true,National,,false,false,"{""2"",""3""}",2,true,,,,,0.1799,0.1799,0.1799,0.0,15.0,0.0,15.0,0.03,,0.1799,,,25.0,0.0,0.0,0.0,,{},,"{""Contactless Payments"",""Chip card"",""Mobile wallet provisioning (for example, Apple Pay)""}",https://www.penfed.org,2025-12-31
pnc-bank-pnc-cash-rewards,"Pnc Bank, National Association",PNC,PNC Cash Rewards,true,National,,false,false,"{""2"",""3""}",2,true,0.2899,,0.2899,0.2674,0.1874,0.2774,0.2924,,,0.0,15.0,0.05,5.0,0.2924,0.05,10.0,21.0,0.0,0.0,0.03,27.0,"{""Cashback rewards""}",,"{""Contactless Payments"",""Chip card"",""Mobile wallet provisioning (for example, Apple Pay)""}",https://www.pnc.com/en/personal-banking/banking/credit-cards.html?lnksrc=topnav,2025-12-31
pnc-bank-pnc-cash-unlimited,"Pnc Bank, National Association",PNC,PNC Cash Unlimited,true,National,,false,false,"{""2"",""3""}",2,true,0.2674,,0.2899,0.2324,0.1849,0.2524,0.2924,,,0.0,15.0,0.05,5.0,0.2924,0.05,10.0,21.0,0.0,0.0,0.0,27.0,"{""Cashback rewards"",""Travel-related rewards"",""Other rewards""}",Purchase Payback Rewards,"{""Contactless Payments"",""Chip card"",""Fee-free foreign transactions"",""Mobile wallet provisioning (for example, Apple Pay)""}",https://www.pnc.com/en/personal-banking/banking/credit-cards.html?lnksrc=topnav,2025-12-31
pnc-bank-pnc-secured-credit-card,"Pnc Bank, National Association",PNC,PNC Secured Credit Card,true,National,,false,true,"{""0"",""1"",""2"",""3""}",0,true,,,,,0.2424,0.2599,0.2624,,,,,0.05,5.0,0.2899,0.04,10.0,21.0,0.0,0.0,0.03,25.0,{},,"{""Contactless Payments"",""Chip card"",""Mobile wallet provisioning (for example, Apple Pay)""}",https://www.pnc.com/en/personal-banking/banking/credit-cards.html?lnksrc=topnav,2025-12-31
pnc-bank-pnc-spendwise-credit-card,"Pnc Bank, National Association",PNC,PNC Spendwise Credit Card,true,National,,false,false,"{""0"",""2"",""3""}",0,true,0.2799,,0.2799,0.2624,0.1974,0.2624,0.3024,0.0,18.0,0.0,18.0,0.05,5.0,0.3024,0.05,10.0,21.0,0.0,0.0,0.03,27.0,{},,"{""Contactless Payments"",""Chip card"",""Mobile wallet provisioning (for example, Apple Pay)""}",https://www.pnc.com/en/personal-banking/banking/credit-cards.html?Inksrc=topnav,2025-12-31
police-federal-credit-union-share-secured,Police Federal Credit Union,,Share Secured,false,National,,true,true,"{""3""}",3,false,,,,,,,,,,,,,,0.0699,,,25.0,0.0,0.0,0.0,,{},,"{""Contactless Payments"",""Chip card"",""Fee-free foreign transactions"",""Mobile wallet provisioning (for example, Apple Pay)""}",https://policefcu.com/,2025-12-31
police-federal-credit-union-rate-preferred,Police Federal Credit Union,,Rate Preferred,false,National,,true,false,"{""0"",""1"",""2"",""3""}",0,false,,,,,,,,,,,,,,,,,25.0,0.0,0.0,0.0,,{},,"{""Contactless Payments"",""Chip card"",""Fee-free foreign transactions"",""Mobile wallet provisioning (for example, Apple Pay)""}",https://policefcu.com/,2025-12-31
police-federal-credit-union-rewards-card,Police Federal Credit Union,,Rewards Card,false,National,,true,false,"{""0"",""1"",""2"",""3""}",0,false,,,,,,,,,,,,,,,,,25.0,0.0,0.0,0.0,,"{""Travel-related rewards""}",,"{""Contactless Payments"",""Chip card"",""Fee-free foreign transactions"",""Mobile wallet provisioning (for example, Apple Pay)""}",https://policefcu.com/,2025-12-31
police-federal-credit-union-share-secured-credit-builder,Police Federal Credit Union,,Share Secured Credit Builder,false,National,,true,true,"{""0"",""1""}",0,false,,,,,,,,,,,,,,0.1599,,,25.0,0.0,0.0,0.0,,{},,"{""Contactless Payments"",""Chip card"",""Fee-free foreign transactions"",""Mobile wallet provisioning (for example, Apple Pay)""}",https://policefcu.com/,2025-12-31
police-federal-credit-union-honor-card,Police Federal Credit Union,,HONOR Card,false,National,,true,false,"{""0"",""1"",""2"",""3""}",0,false,,,,,,,,,,,,,,0.0699,,,25.0,0.0,0.0,0.0,,{},,"{""Contactless Payments"",""Chip card"",""Fee-free foreign transactions"",""Mobile wallet provisioning (for example, Apple Pay)""}",https://policefcu.com/,2025-12-31
premier-america-credit-union-signature-mastercard,Premier America Credit Union,,Signature Mastercard,false,National,,true,false,"{""2"",""3""}",2,false,,0.2499,0.1599,0.1199,0.1199,0.1399,0.2499,,,,,,,,0.03,3.0,30.0,0.0,0.0,0.0,,{},,"{""Contactless Payments"",""Chip card"",""Fee-free foreign transactions"",""Mobile wallet provisioning (for example, Apple Pay)""}",https://www.premieramerica.com/borrow/credit-cards/signature-mastercard,2025-12-31
priority-first-federal-credit-union-visa-platinum-card,Priority First Federal Credit Union,,Visa Platinum Card,false,National,,true,false,"{""0""}",0,false,0.129,0.129,0.129,0.099,0.089,0.109,0.154,,,0.0199,6.0,,,,,,25.0,0.0,0.0,0.01,,{},,"{""Contactless Payments"",""Chip card"",""Mobile wallet provisioning (for example, Apple Pay)""}",https://priorityfirstfcu.org/borrow/visa-credit-cards-2/,2025-12-31
proponent-federal-credit-union-proponent-visa,Proponent Federal Credit Union,,Proponent Visa,false,National,,true,false,"{""1"",""2"",""3""}",1,true,0.1525,0.18,0.15,0.1175,0.115,0.15,0.18,,,,,,,,,,22.0,0.0,0.0,0.01,,"{""Travel-related rewards"",""Other rewards""}",Pro Rewards redeemable for merchandise & gift cards,"{""Contactless Payments"",""Chip card"",""Mobile wallet provisioning (for example, Apple Pay)""}",https://profcu.org/,2025-12-31
publix-employees-federal-credit-union-visa-secured,Publix Employees Federal Credit Union,,Visa Secured,false,National,,false,true,"{""0"",""1""}",0,false,,,,,0.099,0.099,0.099,,,,,,,0.099,,,25.0,0.0,0.0,0.01,20.0,"{""Cashback rewards"",""Travel-related rewards"",""Other rewards""}",Merchandise,"{""Contactless Payments"",""Chip card"",""Mobile wallet provisioning (for example, Apple Pay)""}",https://www.pefcu.com/,2025-12-31
publix-employees-federal-credit-union-visa-platinum,Publix Employees Federal Credit Union,,Visa Platinum,false,National,,false,false,"{""2"",""3""}",2,false,,,,,0.099,0.099,0.099,,,,,,,0.099,,,25.0,0.0,0.0,0.01,20.0,"{""Cashback rewards"",""Travel-related rewards"",""Other rewards""}",Merchandise,"{""Contactless Payments"",""Chip card"",""Mobile wallet provisioning (for example, Apple Pay)""}",https://www.pefcu.com/,2025-12-31
ravalli-county-federal-credit-union-ravalli-county-federal-credit-union-visa-cla,Ravalli County Federal Credit Union,,Ravalli County Federal Credit Union Visa Classic,false,One State/Territory,MT,true,false,"{""0"",""1"",""2"",""3""}",0,false,,,,,0.099,0.099,0.099,,,,,,,0.099,,,25.0,0.0,0.0,0.01,,{},,"{""Contactless Payments"",""Chip card"",""Mobile wallet provisioning (for example, Apple Pay)""}",,2025-12-31
ravenswood-federal-credit-union-visa,Ravenswood Federal Credit Union,,VISA,false,One State/Territory,WV,true,false,"{""0"",""1"",""2"",""3""}",0,false,,,,,0.129,0.129,0.129,,,,,0.02,5.0,0.129,0.02,5.0,25.0,0.0,0.0,0.01,28.0,{},,"{""Chip card""}",,2025-12-31
red-canoe-credit-union-platinum-rewards-visa-credit-card,Red Canoe Credit Union,,Platinum Rewards Visa Credit Card,false,Regional,,true,false,"{""0"",""1"",""2"",""3""}",0,false,,,,,0.049,0.169,0.239,0.169,6.0,0.049,6.0,,,,,,25.0,0.0,0.0,0.0,25.0,"{""Other rewards""}",Points redemption program through AmpliFI - (Platinum Reward Visa only),"{""Contactless Payments"",""Chip card"",""Fee-free foreign transactions"",""Mobile wallet provisioning (for example, Apple Pay)""}",https://www.redcanoecu.com/visa-credit-cards/,2025-12-31
red-canoe-credit-union-platinum-rewards-visa-credit-card-2,Red Canoe Credit Union,,Platinum Rewards Visa Credit Card,false,Regional,,true,false,"{""0"",""1"",""2"",""3""}",0,false,,,,,0.049,0.159,0.229,0.159,6.0,0.159,6.0,,,,,,,0.0,0.0,0.0,25.0,{},,"{""Contactless Payments"",""Chip card"",""Fee-free foreign transactions"",""Mobile wallet provisioning (for example, Apple Pay)""}",,2025-12-31
red-canoe-credit-union-platinum-visa-credit-card,Red Canoe Credit Union,,Platinum Visa Credit Card,false,Regional,,true,false,"{""0"",""1"",""2"",""3""}",0,false,,,,,0.049,0.159,0.229,0.049,6.0,0.049,6.0,,,,,,25.0,0.0,0.0,0.0,25.0,"{""Other rewards""}",Points redemption program through AmpliFI - (Platinum Reward Visa only),"{""Contactless Payments"",""Chip card"",""Fee-free foreign transactions"",""Mobile wallet provisioning (for example, Apple Pay)""}",https://www.redcanoecu.com/visa-credit-cards/,2025-12-31
regions-bank-prestige-visa-signature,Regions Bank,,Prestige Visa Signature,true,Regional,,false,false,"{""0"",""1"",""2"",""3""}",0,true,0.2849,0.2849,0.2649,0.2399,0.1849,0.2549,0.2849,0.0,15.0,0.0,15.0,0.04,10.0,0.2849,0.04,10.0,21.0,0.0,0.0,0.0,28.0,"{""Other rewards""}","Earn points to redeem for travel, Merchandise and cash back","{""Contactless Payments"",""Chip card"",""Fee-free foreign transactions"",""Mobile wallet provisioning (for example, Apple Pay)""}",https://www.Regions.com/personal-banking/credit-cards/prestige-credit-card,2025-12-31
rhode-island-credit-union-visa,Rhode Island Credit Union,,Visa,false,Regional,,true,false,"{""1"",""2"",""3""}",1,false,,,,,,,,0.0299,6.0,0.0299,6.0,,,0.0299,0.025,,30.0,0.0,0.0,0.01,35.0,"{""Other rewards""}",One point per dollar charged,"{""Contactless Payments"",""Chip card"",""Mobile wallet provisioning (for example, Apple Pay)""}",https://www.ricreditunion.org,2025-12-31
river-valley-credit-union-rvcu-credit-card,River Valley Credit Union,,RVCU Credit Card,false,One State/Territory,MI,true,false,"{""3""}",3,false,,,,0.075,0.075,0.095,0.115,,,0.0399,6.0,,,0.095,,,25.0,0.0,0.0,0.01,25.0,"{""Cashback rewards"",""Travel-related rewards"",""Other rewards""}","Fuel, gift cards, special deals","{""Chip card"",""Mobile wallet provisioning (for example, Apple Pay)""}",https://myrivervalleycu.org/loans/rvcu-visa/,2025-12-31
rivermark-community-credit-union-platinum-cash-back-secured-card,Rivermark Community Credit Union,,"Platinum, Cash Back, Secured Card",false,Regional,,true,true,"{""0"",""1"",""2"",""3""}",0,false,,,,,,,,,,,,,,,,,25.0,0.0,0.0,0.01,25.0,"{""Cashback rewards"",""Other rewards""}","All of our credit cards offer these additional benefits through Visa Card Benefits : Roadside Dispatch for towing/roadside card services. Lost luggage reimbursement (up to $1250), Travel Accident Insurance (up to $250,000). Additional rewards offered on t","{""Contactless Payments"",""Chip card"",""Mobile wallet provisioning (for example, Apple Pay)""}",https://www.rivermarkcu.org/credit-cards,2025-12-31
sabine-state-bank-and-trust-company-mastercard,Sabine State Bank And Trust Company,,MasterCard,false,National,,false,false,"{""2"",""3""}",2,false,,,,,0.168,0.168,0.168,,,,,,,0.168,,,,12.0,0.0,0.01,,{},,"{""Chip card""}",,2025-12-31
sacramento-credit-union-sacramento-credit-union-platinum-platinum-rewards-and-se,Sacramento Credit Union,,"Sacramento Credit Union Platinum, Platinum Rewards and Secured Visa",false,One State/Territory,CA,true,false,"{""0""}",0,true,,0.204,0.154,0.134,0.115,0.134,0.214,0.0,6.0,0.0,6.0,,,,0.02,5.0,,0.0,0.0,0.0,,"{""Cashback rewards""}",,"{""Contactless Payments"",""Chip card"",""Fee-free foreign transactions"",""Mobile wallet provisioning (for example, Apple Pay)""}",https://www.sactocu.org/,2025-12-31
sandia-area-federal-credit-union-consumer-credit-card,Sandia Area Federal Credit Union,,Consumer Credit Card,false,National,,false,false,"{""1"",""2"",""3""}",1,true,,0.1799,0.1199,0.0849,0.0849,0.1199,0.1799,0.0299,12.0,0.0399,12.0,,,,,,25.0,0.0,0.0,0.01,25.0,"{""Cashback rewards"",""Travel-related rewards"",""Other rewards""}",Rewards offered on separate credit card products,"{""Contactless Payments"",""Chip card"",""Mobile wallet provisioning (for example, Apple Pay)""}",https://www.sandia.org/cards,2025-12-31
schoolsfirst-federal-credit-union-inspire-mastercard,Schoolsfirst Federal Credit Union,,Inspire Mastercard,false,National,,true,false,"{""0"",""1"",""2"",""3""}",0,true,0.179,0.179,0.16,0.12,0.12,0.14,0.179,0.0,6.0,,6.0,,,,,,25.0,0.0,0.0,0.02,,{},,"{""Contactless Payments"",""Chip card"",""Mobile wallet provisioning (for example, Apple Pay)""}",https://www.schoolsfirstfcu.org,2025-12-31
schoolsfirst-federal-credit-union-rewards-mastercard,Schoolsfirst Federal Credit Union,,Rewards Mastercard,false,National,,true,false,"{""0"",""1"",""2"",""3""}",0,true,0.179,0.179,0.17,0.1325,0.1325,0.1508,0.179,,,,,,,,,,25.0,0.0,0.0,0.0,,"{""Cashback rewards"",""Travel-related rewards"",""Other rewards""}",Discounted gift cards and merchandise,"{""Contactless Payments"",""Chip card"",""Fee-free foreign transactions"",""Mobile wallet provisioning (for example, Apple Pay)""}",https://www.schoolsfirstfcu.org,2025-12-31
schoolsfirst-federal-credit-union-school-employee-mastercard,Schoolsfirst Federal Credit Union,,School Employee Mastercard,false,National,,true,false,"{""0"",""1"",""2"",""3""}",0,true,0.179,0.179,0.13,0.1,0.1,0.1225,0.179,,,,,,,,,,25.0,0.0,0.0,0.02,,"{""Cashback rewards""}",,"{""Contactless Payments"",""Chip card"",""Mobile wallet provisioning (for example, Apple Pay)""}",https://www.schoolsfirstfcu.org,2025-12-31
schoolsfirst-federal-credit-union-share-secured-mastercard,Schoolsfirst Federal Credit Union,,Share-Secured Mastercard,false,National,,true,true,"{""0"",""1"",""2"",""3""}",0,false,,,,,0.139,0.139,0.139,,,,,,,0.139,,,25.0,0.0,0.0,0.02,,{},,"{""Contactless Payments"",""Chip card"",""Mobile wallet provisioning (for example, Apple Pay)""}",https://www.schoolsfirstfcu.org,2025-12-31
scott-credit-union-extreme-visa,Scott Credit Union,,Extreme Visa,false,Regional,,true,false,"{""0"",""1"",""2"",""3""}",0,false,,,,,0.119,0.155,0.179,0.0199,6.0,0.0,6.0,0.02,10.0,,,,25.0,0.0,0.0,0.0,20.0,"{""Cashback rewards"",""Travel-related rewards"",""Other rewards""}","Merchandise, Discounts","{""Chip card"",""Mobile wallet provisioning (for example, Apple Pay)""}",https://www.scu.org,2025-12-31
security-service-federal-credit-union-power-credit-card,Security Service Federal Credit Union,,Power Credit Card,false,National,,true,true,"{""0"",""1"",""2"",""3""}",0,true,0.1099,0.1099,0.1299,0.1099,0.1099,0.1099,0.18,,,0.0,12.0,0.02,,,0.02,,30.0,0.0,0.0,0.011,25.0,{},,"{""Contactless Payments"",""Chip card"",""Mobile wallet provisioning (for example, Apple Pay)""}",https://www.ssfcu.org,2025-12-31
service-federal-credit-union-visa-signature-everyday-elite,Service Federal Credit Union,,Visa Signature Everyday Elite,false,National,,false,false,"{""2"",""3""}",2,true,,0.18,0.18,0.1783,0.1765,0.1783,0.18,,,,,0.01,,,0.01,,25.0,0.0,0.0,0.0,20.0,"{""Cashback rewards"",""Travel-related rewards"",""Other rewards""}",merchandise related rewards,"{""Contactless Payments"",""Chip card"",""Fee-free foreign transactions"",""Mobile wallet provisioning (for example, Apple Pay)""}",https://www.servicecu.org,2025-12-31
siouxland-federal-credit-union-siouxland-federal-credit-union-rewards-visa-credi,Siouxland Federal Credit Union,,Siouxland Federal Credit Union Rewards Visa Credit Card,false,National,,true,false,"{""2""}",2,false,,,,,0.0949,0.0949,0.0949,,,,,,,0.0949,0.03,,25.0,0.0,0.0,0.01,5.0,"{""Cashback rewards"",""Travel-related rewards""}",,"{""Chip card""}",https://www.siouxlandfederalcu.com,2025-12-31
smw-financial-credit-union-visa-platinum,Smw Financial Credit Union,,Visa Platinum,false,Regional,,true,false,"{""2"",""3""}",2,false,0.18,0.18,0.1749,0.1524,0.1299,0.1579,0.18,,,0.0,15.0,0.03,,,0.05,10.0,25.0,0.0,0.0,0.03,30.0,"{""Cashback rewards"",""Other rewards""}",Reward Points,"{""Chip card"",""Mobile wallet provisioning (for example, Apple Pay)""}",https://www.smwfcu.com,2025-12-31
solvay-bank-visa-platinum-standard,Solvay Bank,,Visa Platinum Standard,false,One State/Territory,NY,false,false,"{""0""}",0,false,,,,,0.1588,0.1588,0.1588,,,,,0.03,10.0,0.1588,0.03,10.0,25.0,0.0,0.0,0.0,,{},,"{""Contactless Payments"",""Chip card"",""Fee-free foreign transactions"",""Mobile wallet provisioning (for example, Apple Pay)""}",https://www.solvaybank.com,2025-12-31
southern-credit-union-visa-classic,"Southern Credit Union, The",,Visa Classic,false,National,,false,false,"{""1"",""2""}",1,false,,,,,0.119,0.119,0.119,,,,,,,0.119,,,,0.0,0.0,0.0,29.0,{},,{},https://lending.southernonline.org,2025-12-31
southern-security-federal-credit-union-southern-security-rewards-visa,Southern Security Federal Credit Union,,Southern Security Rewards VISA,false,National,,true,false,"{""2""}",2,true,0.18,0.18,0.1733,0.1213,0.1375,0.1597,0.18,,,,,0.03,,,,,25.0,0.0,0.0,0.011,25.0,"{""Cashback rewards""}",,"{""Contactless Payments"",""Chip card"",""Mobile wallet provisioning (for example, Apple Pay)""}",https://www.southernsecurity.org,2025-12-31
southland-credit-union-visa-platinum-enjoy-rewards-smart-card-classic-smart-card,Southland Credit Union,,"Visa Platinum Enjoy Rewards, Smart Card Classic, Smart Card Credit Builder, Smart Card Secured",false,One State/Territory,CA,true,false,"{""2"",""3""}",2,false,,,,,,,,,,,12.0,0.03,,0.1999,0.03,,30.0,0.0,0.0,0.01,10.0,"{""Cashback rewards"",""Travel-related rewards"",""Other rewards""}",Merchandise,"{""Contactless Payments"",""Chip card"",""Mobile wallet provisioning (for example, Apple Pay)""}",https://www.southlandcu.org,2025-12-31
southpoint-financial-credit-union-visa-platinum-rewards-visa-platinum-select-vis,Southpoint Financial Credit Union,,VISA PLATINUM REWARDS/VISA PLATINUM SELECT/VISA PLATINUM SECURED,false,National,,true,false,"{""3""}",3,true,0.1625,0.1625,0.1625,0.1625,0.07,0.1625,0.18,,,0.0,6.0,,,,,,,0.0,0.0,0.01,25.0,"{""Cashback rewards"",""Travel-related rewards"",""Other rewards""}","1. Pay with Points
2. Gift Cards
3. Merchandise","{""Contactless Payments"",""Chip card"",""Mobile wallet provisioning (for example, Apple Pay)""}",https://www.southpointfinancial.com/,2025-12-31
southwest-66-credit-union-consumer-credit-cards,Southwest 66 Credit Union,,Consumer Credit Cards,false,National,,true,false,"{""2"",""3""}",2,true,,0.18,0.1668,0.1387,0.1349,0.1612,0.18,,,,,0.02,30.0,,,,25.0,0.0,0.0,0.01,,{},,"{""Contactless Payments"",""Chip card""}",https://www.southwest66.com/credit_card_addendum,2025-12-31
southwest-66-credit-union-rewards-credit-cards,Southwest 66 Credit Union,,Rewards Credit Cards,false,National,,true,false,"{""2"",""3""}",2,true,,,0.1636,0.1487,0.1449,0.1587,0.1724,,,,,0.02,30.0,,,,25.0,0.0,0.0,0.01,,"{""Cashback rewards"",""Travel-related rewards"",""Other rewards""}",Store Rewards,"{""Contactless Payments"",""Chip card""}",https://www.southwest66.com/credit_card_addendum,2025-12-31
southwest-66-credit-union-share-secured-credit-cards,Southwest 66 Credit Union,,Share Secured Credit Cards,false,National,,true,true,"{""0"",""1"",""2"",""3""}",0,true,,,,,0.1349,0.1387,0.1424,,,,,0.02,30.0,0.1387,,,25.0,0.0,0.0,0.01,,{},,"{""Contactless Payments"",""Chip card""}",https://www.southwest66.com/credit_card_addendum,2025-12-31
state-bank-and-trust-company-visa-platinum-credit-card,"State Bank And Trust Company, The",,Visa Platinum Credit Card,false,Regional,,false,false,"{""3""}",3,false,,,,0.1399,0.0699,0.1399,0.2199,0.0,6.0,0.0299,6.0,,,,0.03,,25.0,0.0,0.0,0.01,35.0,"{""Cashback rewards""}",,"{""Chip card""}",,2025-12-31
statewide-federal-credit-union-platinum-visa-card,Statewide Federal Credit Union,,Platinum Visa Card,false,National,,false,false,"{""3""}",3,false,0.1695,0.1795,0.1195,0.0995,0.0995,0.1495,0.1795,,,,,,,,,,25.0,0.0,0.0,0.01,,"{""Other rewards""}",Redeem for gifts and other items,"{""Contactless Payments"",""Chip card"",""Mobile wallet provisioning (for example, Apple Pay)""}",htpps://statewidefcu.org,2025-12-31
stride-bank-chime-cash-rewards-visa-credit-card,"Stride Bank, National Association",,Chime Cash Rewards Visa Credit Card,true,National,,false,true,"{""0""}",0,false,,,,,,,,,,,,,,0.0,,,,0.0,0.0,0.0,,"{""Cashback rewards""}",,"{""Contactless Payments"",""Chip card"",""Fee-free foreign transactions"",""Mobile wallet provisioning (for example, Apple Pay)""}",https://www.chime.com/chime-credit-builder-visa-credit-card-agreement/,2025-12-31
stride-bank-westlake-black-visa-credit-card,"Stride Bank, National Association",,Westlake Black Visa Credit Card,true,National,,true,false,"{""1"",""2"",""3""}",1,true,,0.3524,0.2174,0.1399,0.0924,0.2049,0.3574,,,,,,,,,,21.0,0.0,0.0,0.0,,"{""Cashback rewards""}",,"{""Contactless Payments"",""Chip card"",""Mobile wallet provisioning (for example, Apple Pay)""}",https://blob.wilshireconsumer.com/media/sites/3/2026/02/Stride-Bank-WBV-Card-Agreement-12.25.25-website-version.pdf,2025-12-31
stride-bank-secured-chime-visa-credit-card,"Stride Bank, National Association",,Secured Chime Visa Credit Card,true,National,,false,true,"{""0""}",0,false,,,,,,,,,,,,,,0.0,,,,0.0,0.0,0.0,,"{""Cashback rewards""}",,"{""Contactless Payments"",""Chip card"",""Fee-free foreign transactions"",""Mobile wallet provisioning (for example, Apple Pay)""}",https://www.chime.com/policies/stride/chime-card-agreement/,2025-12-31
summit-credit-union-visa-platinum,Summit Credit Union,,Visa Platinum,false,One State/Territory,NC,true,false,"{""0"",""1"",""2"",""3""}",0,false,0.1295,0.1495,0.1095,0.0895,0.0895,0.1095,0.1695,,,,,,,,,,25.0,0.0,0.0,0.01,30.0,{},,"{""Contactless Payments"",""Chip card"",""Mobile wallet provisioning (for example, Apple Pay)""}",https://www.summitcu.org/spend/credit-cards,2025-12-31
summit-credit-union-visa-rewards,Summit Credit Union,,Visa Rewards,false,One State/Territory,NC,true,false,"{""0"",""1"",""2"",""3""}",0,false,0.1395,0.1545,0.1195,0.0995,0.0995,0.1195,0.1795,,,,,,,,,,25.0,0.0,0.0,0.01,30.0,"{""Travel-related rewards"",""Other rewards""}","Reward points redeemable for merchandise, travel, etc.","{""Contactless Payments"",""Chip card"",""Mobile wallet provisioning (for example, Apple Pay)""}",https://www.summitcu.org/spend/credit-cards,2025-12-31
summit-credit-union-secured-visa-credit-builder-visa,Summit Credit Union,,Secured Visa / Credit Builder Visa,false,One State/Territory,NC,true,true,"{""0"",""1"",""2"",""3""}",0,false,0.1295,0.1495,0.1295,0.1295,0.0895,0.1295,0.1695,,,,,,,,,,25.0,0.0,0.0,0.01,30.0,{},,"{""Contactless Payments"",""Chip card"",""Mobile wallet provisioning (for example, Apple Pay)""}",https://www.summitcu.org/spend/credit-cards,2025-12-31
sun-east-federal-credit-union-platinum-rewards-mastercard,Sun East Federal Credit Union,,Platinum Rewards Mastercard,false,National,,true,false,"{""0"",""1"",""2"",""3""}",0,true,0.18,0.18,0.1637,0.1399,0.1349,0.1549,0.18,0.0,6.0,0.0,6.0,,,0.1799,,,30.0,0.0,0.0,0.02,25.0,"{""Cashback rewards"",""Travel-related rewards"",""Other rewards""}","Can redeem points for merchandise, or can redeem for credit issued to a charity.","{""Contactless Payments"",""Chip card"",""Mobile wallet provisioning (for example, Apple Pay)""}",https://suneast.org/,2025-12-31
sun-east-federal-credit-union-platinum-non-rewards-mastercard,Sun East Federal Credit Union,,Platinum Non-Rewards Mastercard,false,National,,true,false,"{""0"",""1"",""2"",""3""}",0,true,0.18,0.18,0.1649,0.1299,0.1249,0.1449,0.18,0.0,6.0,0.0,6.0,,,0.1799,,,30.0,0.0,0.0,0.02,25.0,"{""Cashback rewards"",""Travel-related rewards"",""Other rewards""}",Can redeem points for merchandise or can redeem for credit issued to a charity.,"{""Contactless Payments"",""Chip card"",""Mobile wallet provisioning (for example, Apple Pay)""}",https://suneast.org/,2025-12-31
sunmark-credit-union-low-rate-platinum,Sunmark Credit Union,,Low Rate Platinum,false,One State/Territory,NY,false,false,"{""1"",""2"",""3""}",1,true,,0.2049,0.1749,0.1249,0.1149,0.1611,0.2074,0.1174,6.0,0.1174,12.0,0.03,,0.1611,0.03,,,0.0,0.0,0.02,27.0,{},,"{""Contactless Payments"",""Chip card"",""Mobile wallet provisioning (for example, Apple Pay)""}",https://www.sunmark.org,2025-12-31
sunmark-credit-union-platinum-rewards,Sunmark Credit Union,,Platinum Rewards,false,One State/Territory,NY,false,false,"{""1"",""2"",""3""}",1,true,,0.2249,0.1949,0.1449,0.1349,0.1799,0.2249,,,,,0.03,,0.1799,0.03,,,0.0,0.0,0.02,27.0,"{""Other rewards""}",1 Reward Point earned for every 1 dollar spent,"{""Contactless Payments"",""Chip card"",""Mobile wallet provisioning (for example, Apple Pay)""}",https://www.sunmark.org,2025-12-31
sunmark-credit-union-signature-card,Sunmark Credit Union,,Signature Card,false,One State/Territory,NY,false,false,"{""1"",""2"",""3""}",1,true,,0.2049,0.1749,0.1449,0.1349,0.1699,0.2049,0.0499,6.0,0.0499,12.0,0.03,,0.1699,0.03,,,0.0,0.0,0.02,27.0,"{""Cashback rewards""}",,"{""Contactless Payments"",""Chip card"",""Mobile wallet provisioning (for example, Apple Pay)""}",https://www.sunmark.org,2025-12-31
sunmark-credit-union-business-credit,Sunmark Credit Union,,Business Credit,false,One State/Territory,NY,false,false,"{""2"",""3""}",2,true,,,0.1949,0.1649,0.1649,0.1849,0.2049,,,,,0.03,,0.1849,0.05,,,0.0,0.0,0.02,30.0,{},,"{""Contactless Payments"",""Chip card"",""Mobile wallet provisioning (for example, Apple Pay)""}",https://www.sunmark.org,2025-12-31
sunwest-federal-credit-union-sunwest-mastercard,Sunwest Federal Credit Union,,SunWest MasterCard,false,One State/Territory,AZ,true,false,"{""2""}",2,false,,,,,,,,,,,,,,0.149,,,25.0,0.0,0.0,0.011,5.0,{},,"{""Contactless Payments"",""Chip card"",""Mobile wallet provisioning (for example, Apple Pay)""}",https://www.mysunwest.com/credit-cards/classic,2025-12-31
sunwest-federal-credit-union-secured-mastercard,Sunwest Federal Credit Union,,Secured MasterCard,false,One State/Territory,AZ,true,true,"{""0"",""1""}",0,false,,,,,,,,,,,,,,0.079,,,25.0,0.0,0.0,0.011,5.0,{},,"{""Contactless Payments"",""Chip card"",""Mobile wallet provisioning (for example, Apple Pay)""}",https://www.mysunwest.com/credit-cards/secured-card,2025-12-31
sunwest-federal-credit-union-rewards-mc,Sunwest Federal Credit Union,,Rewards MC,false,One State/Territory,AZ,true,false,"{""3""}",3,false,,,,,,,,,,0.0,6.0,0.03,,0.1799,0.05,,25.0,0.0,0.0,0.011,25.0,"{""Cashback rewards"",""Travel-related rewards"",""Other rewards""}",Merchandise,"{""Contactless Payments"",""Chip card"",""Mobile wallet provisioning (for example, Apple Pay)""}",https://www.mysunwest.com/credit-cards/rewards-card,2025-12-31
synchrony-financial-j-crew-mastercard,Synchrony Financial,SYNCHRONY,J Crew Mastercard,true,National,,false,false,"{""2"",""3""}",2,true,,,,,0.3349,0.3362,0.3374,,,,,,,0.3462,0.05,10.0,23.0,0.0,0.0,0.03,30.0,"{""Other rewards""}",Points,"{""Contactless Payments"",""Chip card"",""Mobile wallet provisioning (for example, Apple Pay)""}",https://www.jcrew.com/company/credit-card,2025-12-31
synchrony-financial-virgin-red-rewards-world-elite-mastercard,Synchrony Financial,SYNCHRONY,Virgin Red Rewards World Elite Mastercard,true,National,,false,false,"{""2"",""3""}",2,true,,,0.2849,0.2024,0.2049,0.2449,0.2849,,,,,0.05,5.0,,0.05,10.0,23.0,99.0,0.0,0.0,30.0,"{""Travel-related rewards""}",,"{""Contactless Payments"",""Chip card"",""Fee-free foreign transactions"",""Mobile wallet provisioning (for example, Apple Pay)""}",https://www.virgin.com/en-us/virgin-red/rewards-credit-card,2025-12-31
synchrony-financial-paypal-credit-mastercard,Synchrony Financial,SYNCHRONY,PayPal Credit Mastercard,true,National,,true,false,"{""2"",""3""}",2,true,,,,,0.2964,0.2964,0.2964,0.0,6.0,,,,,0.2964,0.05,10.0,23.0,0.0,0.0,0.03,30.0,"{""Cashback rewards""}",,"{""Contactless Payments"",""Chip card"",""Mobile wallet provisioning (for example, Apple Pay)""}",https://www.paypal.com/us/digital-wallet/ways-to-pay/credit-services/paypal-credit,2025-12-31
synchrony-financial-sun-country-visa-card,Synchrony Financial,SYNCHRONY,Sun Country Visa Card,true,National,,false,false,"{""2"",""3""}",2,true,,,0.2889,0.2089,0.2039,0.2452,0.2864,,,,,0.05,5.0,,0.05,10.0,23.0,89.0,0.0,0.0,30.0,"{""Travel-related rewards"",""Other rewards""}",Points,"{""Contactless Payments"",""Chip card"",""Fee-free foreign transactions""}",https://suncountry.com/sun-country-visa,2025-12-31
synchrony-financial-onepay-cash-rewards-world-mastercard,Synchrony Financial,SYNCHRONY,OnePay Cash Rewards World Mastercard,true,National,,true,false,"{""2"",""3""}",2,true,,0.3124,0.3124,0.2099,0.2049,0.2599,0.3149,,,,,,,0.2774,0.05,10.0,23.0,0.0,0.0,0.0,30.0,"{""Other rewards""}",Points,"{""Contactless Payments"",""Chip card"",""Fee-free foreign transactions"",""Mobile wallet provisioning (for example, Apple Pay)""}",https://www.onepay.com/credit-card,2025-12-31
synchrony-financial-verizon-visa-signature-card,Synchrony Financial,SYNCHRONY,Verizon Visa Signature Card,true,National,,true,false,"{""2"",""3""}",2,true,,0.3399,0.3399,0.2299,0.2249,0.2812,0.3374,,,,,0.05,5.0,0.3237,0.05,10.0,23.0,0.0,0.0,0.0,30.0,"{""Cashback rewards""}",,"{""Contactless Payments"",""Chip card"",""Fee-free foreign transactions"",""Mobile wallet provisioning (for example, Apple Pay)""}",https://www.verizon.com/support/visa-benefits-guide-legal/ https://www.verizon.com/support/verizon-visa-card-rewards-legal/,2025-12-31
synchrony-financial-venmo-visa-signature-card,Synchrony Financial,SYNCHRONY,Venmo Visa Signature Card,true,National,,true,false,"{""2"",""3""}",2,true,,0.3149,0.2849,0.1949,0.1874,0.2499,0.3124,,,,,,,0.3099,0.05,10.0,23.0,0.0,0.0,0.0,30.0,"{""Cashback rewards""}",,"{""Contactless Payments"",""Chip card"",""Fee-free foreign transactions"",""Mobile wallet provisioning (for example, Apple Pay)""}",https://venmo.com/about/creditcard,2025-12-31
synchrony-financial-venmo-visa-card,Synchrony Financial,SYNCHRONY,Venmo Visa Card,true,National,,true,false,"{""2"",""3""}",2,true,,0.3149,0.3099,0.2849,0.1874,0.2499,0.3124,,,,,,,0.3099,0.05,10.0,23.0,0.0,0.0,0.0,30.0,"{""Cashback rewards""}",,"{""Contactless Payments"",""Chip card"",""Fee-free foreign transactions"",""Mobile wallet provisioning (for example, Apple Pay)""}",https://venmo.com/about/creditcard,2025-12-31
synchrony-financial-mywalgreens-mastercard,Synchrony Financial,SYNCHRONY,MyWalgreens Mastercard,true,National,,true,false,"{""2"",""3""}",2,true,,0.3399,0.3399,0.3074,0.2499,0.2992,0.3474,,,,,,,0.3499,0.05,10.0,23.0,0.0,0.0,0.03,29.0,"{""Other rewards""}",Points,"{""Contactless Payments"",""Chip card"",""Mobile wallet provisioning (for example, Apple Pay)""}",https://www.walgreens.com/topic/help/generalhelp/mywalgreens-credit-card-terms-of-use.jsp,2025-12-31
synchrony-financial-tjx-rewards-platinum-mastercard,Synchrony Financial,SYNCHRONY,TJX Rewards Platinum Mastercard,true,National,,false,false,"{""2"",""3""}",2,true,,,,,0.3074,0.3099,0.3124,,,,,,,0.3499,0.04,10.0,23.0,0.0,0.0,0.0,27.0,"{""Other rewards""}",Points,"{""Contactless Payments"",""Chip card"",""Fee-free foreign transactions"",""Mobile wallet provisioning (for example, Apple Pay)""}",https://apply.syf.com/cs/groups/public/documents/et_tcdoc/e044647.pdf  https://syfcreative.proofhq.com/review/e224df4014774e48a17f284a71deab4f-mTXMDTpKyd1yIVasr2EIu0y0VdvvvIvj-tb2769d192ba1e195,2025-12-31
synchrony-financial-synchrony-premier-world-mastercard,Synchrony Financial,SYNCHRONY,Synchrony Premier World Mastercard,true,National,,false,false,"{""2"",""3""}",2,true,,0.3399,0.3399,0.2724,0.1774,0.2574,0.3374,0.0,12.0,,12.0,0.04,10.0,,0.05,10.0,23.0,0.0,0.0,0.03,30.0,"{""Cashback rewards""}",,"{""Contactless Payments"",""Chip card"",""Mobile wallet provisioning (for example, Apple Pay)""}",https://www.synchrony.com/financing/synchrony-mastercards,2025-12-31
synchrony-financial-synchrony-preferred-mastercard,Synchrony Financial,SYNCHRONY,Synchrony Preferred Mastercard,true,National,,false,false,"{""2""}",2,true,,,,,0.2674,0.3012,0.3349,,,,,0.04,10.0,0.3323,0.05,10.0,23.0,0.0,0.0,0.03,30.0,{},,"{""Contactless Payments"",""Chip card"",""Mobile wallet provisioning (for example, Apple Pay)""}",https://www.synchronybank.com/creditcard/,2025-12-31
synchrony-financial-synchrony-plus-world-mastercard,Synchrony Financial,SYNCHRONY,Synchrony Plus World Mastercard,true,National,,false,false,"{""2""}",2,true,,0.3399,0.3399,0.3399,0.2674,0.3012,0.3349,0.0,12.0,,12.0,0.04,10.0,,0.05,10.0,23.0,0.0,0.0,0.03,30.0,"{""Cashback rewards""}",,"{""Contactless Payments"",""Chip card"",""Mobile wallet provisioning (for example, Apple Pay)""}",https://www.synchrony.com/financing/synchrony-mastercards,2025-12-31
synchrony-financial-scorerewards-mastercard,Synchrony Financial,SYNCHRONY,ScoreRewards Mastercard,true,National,,true,false,"{""2"",""3""}",2,true,,,,,0.3074,0.3087,0.3099,,,,,,,0.2999,0.05,10.0,23.0,0.0,0.0,0.03,30.0,"{""Other rewards""}",Points,"{""Contactless Payments"",""Chip card""}",https://www.dickssportinggoods.com/s/scorerewards-credit-card,2025-12-31
synchrony-financial-sam-s-world-elite-mastercard,Synchrony Financial,SYNCHRONY,Sam's World Elite Mastercard,true,National,,true,false,"{""3""}",3,true,,0.289,0.289,0.284,0.204,0.2453,0.2865,,,,,,,,0.03,5.0,23.0,0.0,0.0,0.0,29.0,"{""Cashback rewards""}",,"{""Contactless Payments"",""Chip card"",""Fee-free foreign transactions"",""Mobile wallet provisioning (for example, Apple Pay)""}",https://www.synchronybankterms.com/,2025-12-31
synchrony-financial-paypal-cashback-mastercard,Synchrony Financial,SYNCHRONY,PayPal Cashback Mastercard,true,National,,true,false,"{""2"",""3""}",2,true,,0.3399,0.3099,0.1924,0.1849,0.2587,0.3324,,,,,,,0.3324,0.05,10.0,23.0,0.0,0.0,0.03,29.0,"{""Cashback rewards""}",,"{""Contactless Payments"",""Chip card"",""Mobile wallet provisioning (for example, Apple Pay)""}",https://www.paypal.com/digital-wallet/manage-money/paypal-cashback-mastercard,2025-12-31
synchrony-financial-jcpenney-mastercard,Synchrony Financial,SYNCHRONY,JCPenney Mastercard,true,National,,false,false,"{""2"",""3""}",2,true,,,,,0.3349,0.3362,0.3374,,,,,,,0.3362,0.05,10.0,23.0,0.0,0.0,0.03,30.0,"{""Other rewards""}",Points,"{""Contactless Payments"",""Chip card"",""Mobile wallet provisioning (for example, Apple Pay)""}",https://www.jcpenney.com/m/plcc-benefits,2025-12-31
synchrony-financial-fleet-rewards-visa-card,Synchrony Financial,SYNCHRONY,Fleet Rewards Visa Card,true,National,,false,false,"{""2"",""3""}",2,true,,0.3399,0.3399,0.3349,0.2249,0.2812,0.3374,,,,,,,0.3299,0.05,10.0,23.0,0.0,0.0,0.0,30.0,"{""Other rewards""}",Points,"{""Chip card"",""Fee-free foreign transactions""}",https://www.fleetfarm.com/c/credit-card,2025-12-31
synchrony-financial-cathay-pacific-visa-card,Synchrony Financial,SYNCHRONY,Cathay Pacific Visa Card,true,National,,false,false,"{""2"",""3""}",2,true,,,0.3174,0.2574,0.2524,0.2837,0.3149,,,,,0.05,5.0,,0.05,10.0,23.0,99.0,0.0,0.0,30.0,"{""Travel-related rewards"",""Other rewards""}",Miles,"{""Contactless Payments"",""Chip card"",""Fee-free foreign transactions"",""Mobile wallet provisioning (for example, Apple Pay)""}",https://www.cathaypacific.com/cx/en_US/offers/collection/Cathay-Pacific-Visa-Card.html,2025-12-31
synchrony-financial-carecredit-mastercard,Synchrony Financial,SYNCHRONY,CareCredit Mastercard,true,National,,false,false,"{""2"",""3""}",2,false,,,,,0.3299,0.3299,0.3299,,,,,0.05,5.0,0.3299,0.04,10.0,23.0,0.0,0.0,0.03,30.0,"{""Other rewards""}",Points,"{""Contactless Payments"",""Chip card"",""Mobile wallet provisioning (for example, Apple Pay)""}",https://www.carecredit.com/mastercard/,2025-12-31
synchrony-financial-belk-rewards-mastercard,Synchrony Financial,SYNCHRONY,Belk Rewards Mastercard,true,National,,false,false,"{""2"",""3""}",2,false,,,,,0.3499,0.3499,0.3499,,,,,,,0.3649,0.05,10.0,23.0,0.0,0.0,0.03,29.0,"{""Other rewards""}",Points,"{""Contactless Payments"",""Chip card"",""Mobile wallet provisioning (for example, Apple Pay)""}",https://www.belk.com/customer-service/rewards/,2025-12-31
synchrony-financial-at-home-insider-perks-mastercard,Synchrony Financial,SYNCHRONY,At Home Insider Perks Mastercard,true,National,,false,false,"{""2"",""3""}",2,true,,,,,0.3349,0.3362,0.3374,,,,,,,0.3362,0.05,10.0,23.0,0.0,0.0,0.03,30.0,"{""Other rewards""}",Points,"{""Contactless Payments"",""Chip card"",""Mobile wallet provisioning (for example, Apple Pay)""}",https://www.athome.com/creditcard.html,2025-12-31
synchrony-financial-aeo-inc-visa-card,Synchrony Financial,SYNCHRONY,"AEO, Inc. Visa Card",true,National,,false,false,"{""2"",""3""}",2,true,,,,,0.3349,0.3374,0.3399,,,,,,,0.3474,0.05,10.0,23.0,0.0,0.0,0.03,30.0,"{""Other rewards""}",Points,"{""Contactless Payments"",""Chip card"",""Fee-free foreign transactions"",""Mobile wallet provisioning (for example, Apple Pay)""}",https://www.ae.com/realrewards/Terms,2025-12-31
synchrony-financial-techron-advantage-visa-card,Synchrony Financial,SYNCHRONY,Techron Advantage Visa Card,true,National,,false,false,"{""2"",""3""}",2,false,,,,,0.3399,0.3399,0.3399,,,,,,,0.3399,0.05,10.0,23.0,0.0,0.0,0.03,29.0,{},,"{""Contactless Payments"",""Chip card"",""Mobile wallet provisioning (for example, Apple Pay)""}",https://www.chevrontexacocards.com,2025-12-31
tcm-bank-rewards-platinum,"Tcm Bank, National Association",,Rewards Platinum,false,National,,false,false,"{""3""}",3,true,,,0.2474,0.2074,0.1674,0.2174,0.2674,0.0,12.0,0.0,12.0,0.03,,0.2749,0.03,,23.0,0.0,0.0,0.01,29.0,"{""Travel-related rewards"",""Other rewards""}",merchandise,"{""Contactless Payments"",""Chip card"",""Mobile wallet provisioning (for example, Apple Pay)""}",https://www.tcmbank.com/cardholder-services,2025-12-31
td-bank-usa-target-circle-mastercard,"Td Bank Usa, National Association",,Target Circle Mastercard,true,National,,false,false,"{""2"",""3""}",2,true,,,,,0.2845,0.287,0.2895,,,,,,,0.299,0.03,,25.0,0.0,0.0,0.0,30.0,"{""Other rewards""}","1) 5% discount on Target Purchases
2) Rewards in the form of a Target Gift Card: 2% at gas and grocery and 1% everywhere else (must be an eligible purchase)","{""Contactless Payments"",""Chip card"",""Fee-free foreign transactions"",""Other""}",https://www.target.com/circlecard,2025-12-31
td-bank-td-clear-1000,"Td Bank, National Association",,TD Clear 1000,true,Regional,,false,false,"{""2"",""3""}",2,false,,,,,,,,,,0.0,0.0,,,0.0,,,,0.0,10.0,0.0,,{},,"{""Contactless Payments"",""Chip card"",""Mobile wallet provisioning (for example, Apple Pay)""}",https://www.td.com/us/en/personal-banking/credit-cards,2025-12-31
td-bank-td-clear-2000,"Td Bank, National Association",,TD Clear 2000,true,Regional,,false,false,"{""2"",""3""}",2,false,,,,,,,,,,0.0,0.0,,,0.0,,,,0.0,20.0,0.0,,{},,"{""Contactless Payments"",""Chip card"",""Mobile wallet provisioning (for example, Apple Pay)""}",https://www.td.com/us/en/personal-banking/credit-cards,2025-12-31
td-bank-flexpay,"Td Bank, National Association",,FlexPay,true,Regional,,false,false,"{""2"",""3""}",2,true,,0.2799,0.2299,0.1799,0.1799,0.2299,0.2799,,,0.0,18.0,0.05,5.0,0.2924,0.05,10.0,25.0,0.0,0.0,0.03,29.0,{},,"{""Contactless Payments"",""Chip card"",""Mobile wallet provisioning (for example, Apple Pay)""}",https://www.td.com/us/en/personal-banking/credit-cards,2025-12-31
td-bank-td-double-up,"Td Bank, National Association",,TD Double Up,true,Regional,,false,false,"{""2"",""3""}",2,true,,0.2899,0.2399,0.1899,0.1899,0.2399,0.2899,,,0.0,15.0,0.05,5.0,0.2924,0.05,10.0,25.0,0.0,0.0,0.03,29.0,"{""Cashback rewards"",""Other rewards""}",Spend to Get,"{""Contactless Payments"",""Chip card"",""Mobile wallet provisioning (for example, Apple Pay)""}",https://www.td.com/us/en/personal-banking/credit-cards,2025-12-31
td-bank-td-cash-secured,"Td Bank, National Association",,TD Cash Secured,true,Regional,,false,true,"{""1"",""2"",""3""}",1,true,,,,,0.2699,0.2699,0.2699,,,0.0,0.0,0.05,5.0,0.2924,0.05,10.0,25.0,29.0,0.0,0.03,29.0,"{""Cashback rewards""}",,"{""Contactless Payments"",""Chip card"",""Mobile wallet provisioning (for example, Apple Pay)""}",https://www.td.com/us/en/personal-banking/credit-cards,2025-12-31
td-bank-td-first-class,"Td Bank, National Association",,TD First Class,true,Regional,,false,false,"{""2"",""3""}",2,true,,,,,0.1724,0.1724,0.1724,,,0.0,12.0,0.05,5.0,0.2924,0.03,10.0,25.0,89.0,0.0,0.0,29.0,"{""Cashback rewards"",""Travel-related rewards"",""Other rewards""}",Spend to Get,"{""Contactless Payments"",""Chip card"",""Mobile wallet provisioning (for example, Apple Pay)""}",https://www.td.com/us/en/personal-banking/credit-cards,2025-12-31
td-bank-td-cash,"Td Bank, National Association",,TD Cash,true,Regional,,false,false,"{""2"",""3""}",2,true,,0.2899,0.2399,0.1899,0.1899,0.2399,0.2899,0.0,15.0,0.0,15.0,0.05,5.0,0.2924,0.05,10.0,25.0,0.0,0.0,0.03,29.0,"{""Cashback rewards"",""Other rewards""}",Spend to Get,"{""Contactless Payments"",""Chip card"",""Mobile wallet provisioning (for example, Apple Pay)""}",https://www.td.com/us/en/personal-banking/credit-cards,2025-12-31
texans-credit-union-premier-rewards-card,Texans Credit Union,,Premier Rewards Card,false,One State/Territory,TX,true,false,"{""0""}",0,true,,0.1799,0.1799,0.1478,0.1365,0.1582,0.1799,,,,,,,,,,25.0,0.0,0.0,0.01,25.0,"{""Cashback rewards"",""Travel-related rewards"",""Other rewards""}",Gift cards and Apple products.,"{""Contactless Payments"",""Chip card"",""Mobile wallet provisioning (for example, Apple Pay)""}",https://www.texanscu.org/products/credit-cards/premier-rewards,2025-12-31
three-rivers-federal-credit-union-3rivers-mastercard-credit-card,Three Rivers Federal Credit Union,,3Rivers Mastercard Credit Card,false,National,,true,false,"{""1"",""2"",""3""}",1,false,,0.18,0.1695,0.1495,0.1495,0.1695,0.18,,,,,,,,0.03,,25.0,0.0,0.0,0.01,,"{""Cashback rewards"",""Travel-related rewards"",""Other rewards""}",Merchandise and gift cards,"{""Contactless Payments"",""Chip card"",""Mobile wallet provisioning (for example, Apple Pay)""}",https://www.3riversfcu.org,2025-12-31
tidemark-federal-credit-union-tidemark-fcu-visa-platinum,Tidemark Federal Credit Union,,Tidemark FCU Visa Platinum,false,National,,false,false,"{""2"",""3""}",2,true,0.18,0.18,0.18,0.1275,0.115,0.164,0.18,,,,,,,,0.03,5.0,25.0,0.0,0.0,0.01,,"{""Cashback rewards""}",,"{""Contactless Payments"",""Chip card"",""Mobile wallet provisioning (for example, Apple Pay)""}",https://www.tidemarkfcu.org/,2025-12-31
tinker-federal-credit-union-visa-platinum,Tinker Federal Credit Union,,Visa Platinum,false,National,,false,false,"{""1"",""2"",""3""}",1,true,,0.18,0.1575,0.13,0.0399,0.0399,0.18,0.0399,6.0,0.155,6.0,0.025,,,0.025,,25.0,0.0,0.0,0.01,22.0,"{""Travel-related rewards"",""Other rewards""}",Merchandise,"{""Contactless Payments"",""Chip card"",""Mobile wallet provisioning (for example, Apple Pay)""}",https://www.tinkerfcu.org/,2025-12-31
tlcu-financial-visa-platinum,Tlcu Financial,,Visa Platinum,false,One State/Territory,IN,true,false,"{""2"",""3""}",2,false,,,0.115,0.1,0.1,0.115,0.145,0.049,12.0,0.049,12.0,,,0.115,,,25.0,0.0,0.0,0.0,15.0,"{""Travel-related rewards"",""Other rewards""}",Gift cards and merchandise,"{""Chip card"",""Mobile wallet provisioning (for example, Apple Pay)""}",https://www.tlcufinancial.org,2025-12-31
tlcu-financial-visa-classic,Tlcu Financial,,Visa Classic,false,One State/Territory,AA,true,false,"{""1"",""2""}",1,false,0.145,0.145,0.115,0.1,0.1,0.145,0.21,0.049,12.0,0.049,12.0,,,0.145,,,25.0,0.0,0.0,0.0,15.0,{},,"{""Chip card"",""Mobile wallet provisioning (for example, Apple Pay)""}",https://www.tlcufinancial.org,2025-12-31
tongass-federal-credit-union-consumer-credit-card,Tongass Federal Credit Union,,Consumer Credit Card,false,National,,true,false,"{""2"",""3""}",2,false,,,0.1295,0.0995,0.0995,0.1145,0.1295,,,,,,,,,,7.0,0.0,0.0,0.0,15.0,"{""Travel-related rewards"",""Other rewards""}",,"{""Chip card"",""Fee-free foreign transactions""}",,2025-12-31
tongass-federal-credit-union-consumer-credit-card-2,Tongass Federal Credit Union,,Consumer Credit Card,false,National,,false,false,"{""2"",""3""}",2,false,,,0.1295,0.0995,0.0995,0.1145,0.1295,,,,,,,,,,7.0,0.0,0.0,0.0,15.0,"{""Travel-related rewards"",""Other rewards""}",,"{""Chip card"",""Fee-free foreign transactions""}",,2025-12-31
tru-federal-credit-union-tru-fcu-credit-card,Tru Federal Credit Union,,TRU FCU Credit Card,false,One State/Territory,SC,true,false,"{""0"",""1"",""2"",""3""}",0,false,0.1099,0.1599,0.1099,0.0799,0.0799,0.1099,0.1599,,,,,,,,,,30.0,0.0,0.0,0.0,,{},,"{""Contactless Payments"",""Chip card"",""Fee-free foreign transactions"",""Mobile wallet provisioning (for example, Apple Pay)""}",https://www.tru-fcu.org,2025-12-31
trugrocer-federal-credit-union-visa-classic,Trugrocer Federal Credit Union,,Visa Classic,false,National,,true,false,"{""0"",""1"",""2"",""3""}",0,false,,,,,0.169,0.169,0.169,0.0199,12.0,0.0199,12.0,,,0.169,,,25.0,0.0,0.0,0.01,25.0,"{""Cashback rewards"",""Travel-related rewards"",""Other rewards""}",Gift Cards,"{""Contactless Payments"",""Chip card"",""Mobile wallet provisioning (for example, Apple Pay)""}",,2025-12-31
truist-bank-truist-enjoy-cash-credit-card,Truist Bank,,Truist Enjoy Cash Credit Card,true,Regional,,false,false,"{""2"",""3""}",2,true,,,0.2174,0.1874,0.1874,0.2174,0.2774,0.0,12.0,0.0,12.0,0.03,10.0,0.2774,0.04,10.0,25.0,0.0,0.0,0.0,27.0,"{""Cashback rewards""}",,"{""Contactless Payments"",""Chip card"",""Fee-free foreign transactions"",""Mobile wallet provisioning (for example, Apple Pay)""}",https://www.truist.com/credit-cards,2025-12-31
truist-bank-truist-enjoy-travel-credit-card,Truist Bank,,Truist Enjoy Travel Credit Card,true,Regional,,false,false,"{""2"",""3""}",2,true,,,0.2174,0.1874,0.1874,0.2174,0.2774,,,,,0.03,10.0,0.2774,0.04,10.0,25.0,0.0,0.0,0.0,27.0,"{""Travel-related rewards""}",,"{""Contactless Payments"",""Chip card"",""Fee-free foreign transactions"",""Mobile wallet provisioning (for example, Apple Pay)""}",https://www.truist.com/credit-cards,2025-12-31
truist-bank-truist-enjoy-beyond-credit-card,Truist Bank,,Truist Enjoy Beyond Credit Card,true,Regional,,false,false,"{""2"",""3""}",2,true,,,0.2174,0.1874,0.1874,0.2174,0.2774,,,,,0.03,10.0,0.2774,0.04,10.0,25.0,95.0,0.0,0.0,27.0,"{""Other rewards""}",Points Rewards that can be redeemed for cash or travel related rewards,"{""Contactless Payments"",""Chip card"",""Fee-free foreign transactions"",""Mobile wallet provisioning (for example, Apple Pay)""}",https://www.truist.com/credit-cards,2025-12-31
truist-bank-truist-future-card,Truist Bank,,Truist Future Card,true,Regional,,false,false,"{""2"",""3""}",2,true,,,0.2074,0.1574,0.1674,0.2074,0.2574,0.0,15.0,0.0,15.0,0.03,10.0,0.2774,0.04,10.0,25.0,0.0,0.0,0.0,27.0,{},,"{""Contactless Payments"",""Chip card"",""Fee-free foreign transactions"",""Mobile wallet provisioning (for example, Apple Pay)""}",https://www.truist.com/credit-cards,2025-12-31
truist-bank-truist-enjoy-cash-secured-credit-card,Truist Bank,,Truist Enjoy Cash Secured Credit Card,true,Regional,,false,true,"{""1""}",1,true,,,,,0.2674,0.2674,0.2674,,,,,0.03,10.0,0.2774,0.04,10.0,25.0,0.0,0.0,0.0,27.0,"{""Cashback rewards""}",,"{""Contactless Payments"",""Chip card"",""Fee-free foreign transactions""}",https://www.truist.com/credit-cards,2025-12-31
truist-bank-truist-wealth-credit-card,Truist Bank,,Truist Wealth Credit Card,true,Regional,,false,false,"{""3""}",3,true,,,,,0.1374,0.1374,0.1374,,,,,0.03,10.0,0.1674,0.04,10.0,25.0,450.0,0.0,0.0,27.0,"{""Cashback rewards""}",,"{""Contactless Payments"",""Chip card"",""Fee-free foreign transactions"",""Mobile wallet provisioning (for example, Apple Pay)""}",https://www.truist.com/credit-cards,2025-12-31
tucson-federal-credit-union-visa-platinum-preferred-credit-card,Tucson Federal Credit Union,,Visa Platinum Preferred Credit Card,false,National,,true,false,"{""3""}",3,true,,,0.1675,0.145,0.14,0.145,0.1675,0.075,12.0,0.075,12.0,,,,,,30.0,0.0,0.0,0.01,30.0,"{""Cashback rewards"",""Travel-related rewards"",""Other rewards""}","Gift cards, etc.","{""Contactless Payments"",""Chip card"",""Mobile wallet provisioning (for example, Apple Pay)""}",https://www.tucsonfcu.com/wp-content/uploads/2024/12/Rates-Disclosures-Jan-2025.pdf,2025-12-31
u-s-bancorp-kroger-rewards-world-elite-mastercard,U.S. Bancorp,US_BANK,Kroger Rewards World Elite Mastercard,true,National,,true,false,"{""2"",""3""}",2,true,,0.3049,0.3049,0.1949,0.1749,0.2549,0.3049,,,,,0.04,10.0,0.3149,0.05,10.0,26.0,0.0,0.0,0.0,30.0,"{""Cashback rewards""}",,"{""Contactless Payments"",""Chip card"",""Fee-free foreign transactions"",""Mobile wallet provisioning (for example, Apple Pay)""}",https://www.krogermastercard.com,2025-12-31
u-s-bancorp-fidelity-rewards-visa-signature,U.S. Bancorp,US_BANK,Fidelity® Rewards Visa Signature®,true,National,,true,false,"{""2"",""3""}",2,true,,0.2649,0.2649,0.1649,0.1649,0.1649,0.2649,,,,,0.03,5.0,0.2824,0.05,10.0,26.0,0.0,0.0,0.0,30.0,"{""Cashback rewards"",""Travel-related rewards"",""Other rewards""}",Merchandise/Gift Card/Statement credit-related rewards,"{""Contactless Payments"",""Chip card"",""Fee-free foreign transactions"",""Mobile wallet provisioning (for example, Apple Pay)""}",https://www.Fidelity.com,2025-12-31
u-s-bancorp-altitude-go-sig,U.S. Bancorp,US_BANK,Altitude Go Sig,true,National,,false,false,"{""2"",""3""}",2,true,,0.2749,0.2749,0.2049,0.1749,0.2449,0.2749,0.0,15.0,0.0,15.0,0.05,5.0,0.3049,0.05,10.0,26.0,0.0,0.0,0.03,30.0,"{""Travel-related rewards""}",,"{""Contactless Payments"",""Chip card"",""Mobile wallet provisioning (for example, Apple Pay)""}",http://www.usbank.com,2025-12-31
u-s-bancorp-cash-signature,U.S. Bancorp,US_BANK,Cash+ Signature,true,National,,false,false,"{""2"",""3""}",2,true,,0.2799,0.2699,0.2099,0.1774,0.2299,0.2799,0.0,15.0,0.0,15.0,0.05,5.0,0.3049,0.05,10.0,26.0,0.0,0.0,0.03,30.0,"{""Cashback rewards""}",,"{""Contactless Payments"",""Chip card"",""Mobile wallet provisioning (for example, Apple Pay)""}",http://www.usbank.com,2025-12-31
u-s-bancorp-usb-shield,U.S. Bancorp,US_BANK,USB Shield,true,National,,false,false,"{""2"",""3""}",2,true,,0.2799,0.2699,0.2299,0.1699,0.2499,0.2799,0.0,24.0,0.0,24.0,0.05,5.0,0.3124,0.05,10.0,26.0,0.0,0.0,0.03,30.0,"{""Cashback rewards"",""Travel-related rewards""}",,"{""Contactless Payments"",""Chip card"",""Mobile wallet provisioning (for example, Apple Pay)""}",http://www.usbank.com,2025-12-31
unison-credit-union-visa-platinum,Unison Credit Union,,Visa Platinum,false,One State/Territory,WI,true,false,"{""3""}",3,false,,,,,0.0999,0.0999,0.0999,,,,,,,0.0999,0.03,3.0,25.0,0.0,0.0,0.01,10.0,{},,"{""Contactless Payments"",""Chip card"",""Mobile wallet provisioning (for example, Apple Pay)""}",https://www.unisoncu.org,2025-12-31
unison-credit-union-visa-platinum-rewards,Unison Credit Union,,Visa Platinum Rewards,false,One State/Territory,WI,true,false,"{""3""}",3,false,,,,,0.1299,0.1299,0.1299,,,,,,,0.1299,0.03,3.0,25.0,0.0,0.0,0.01,10.0,"{""Travel-related rewards"",""Other rewards""}","Merchandise, gift cards, event tickets","{""Contactless Payments"",""Chip card"",""Mobile wallet provisioning (for example, Apple Pay)""}",https://www.unisoncu.org,2025-12-31
united-bank-visa-platinum,United Bank,,Visa Platinum,false,Regional,,true,true,"{""2"",""3""}",2,true,,,,,0.0599,0.0599,0.0599,0.0599,6.0,0.0599,6.0,,,0.0599,0.015,5.0,25.0,0.0,0.0,0.0,,"{""Cashback rewards""}",,"{""Contactless Payments"",""Chip card"",""Fee-free foreign transactions"",""Mobile wallet provisioning (for example, Apple Pay)""}",https://www.bankwithunited.com,2025-12-31
united-bank-united-bank-endeavor-card,United Bank,,United Bank Endeavor Card,false,One State/Territory,GA,true,false,"{""2"",""3""}",2,true,,0.1949,0.1549,0.1149,0.1149,0.1549,0.1949,,,0.1549,,,,0.1949,,,30.0,0.0,0.0,0.0,25.0,"{""Travel-related rewards"",""Other rewards""}","Gift cards, merchandise, pay with points, fuel points","{""Chip card"",""Fee-free foreign transactions"",""Mobile wallet provisioning (for example, Apple Pay)""}",https://www.accessunited.com/personal/borrow/credit-cards,2025-12-31
united-bank-united-bank-right-start-endeavor-card,United Bank,,United Bank Right Start Endeavor Card,false,One State/Territory,GA,true,true,"{""0"",""1""}",0,true,,,,,0.2149,0.2149,0.2149,,,0.2149,,,,0.1949,,,30.0,0.0,0.0,0.0,25.0,"{""Travel-related rewards"",""Other rewards""}","Gift cards, merchandise, pay with points, fuel points","{""Chip card"",""Fee-free foreign transactions"",""Mobile wallet provisioning (for example, Apple Pay)""}",https://www.accessunited.com/personal/borrow/credit-cards,2025-12-31
united-consumers-credit-union-visa-rewards-credit-card,United Consumers Credit Union,,Visa Rewards Credit Card,false,Regional,,true,false,"{""2""}",2,true,,0.2249,0.1749,0.1524,0.1524,0.1749,0.2624,,,,,,,,,,22.0,0.0,0.0,0.0,,"{""Cashback rewards"",""Travel-related rewards"",""Other rewards""}",Merchandise,"{""Contactless Payments"",""Chip card"",""Fee-free foreign transactions"",""Mobile wallet provisioning (for example, Apple Pay)"",""Other""}",https://www.uccumo.com,2025-12-31
united-consumers-credit-union-visa-credit-card,United Consumers Credit Union,,Visa Credit Card,false,Regional,,true,false,"{""2""}",2,true,,0.1949,0.1449,0.1224,0.1224,0.1324,0.2624,,,,,,,,,,22.0,0.0,0.0,0.0,,{},,"{""Contactless Payments"",""Chip card"",""Fee-free foreign transactions"",""Mobile wallet provisioning (for example, Apple Pay)"",""Other""}",https://www.uccumo.com,2025-12-31
united-savings-credit-union-variable-rate,United Savings Credit Union,,VARIABLE RATE,false,Regional,,true,false,"{""1"",""2"",""3""}",1,true,0.1725,0.1925,0.1525,0.1275,0.1225,0.1642,0.2125,,,,,,,,,,25.0,0.0,0.0,0.01,25.0,{},,"{""Chip card"",""Mobile wallet provisioning (for example, Apple Pay)""}",https://www.unitedsavingscu.org,2025-12-31
university-of-kentucky-federal-credit-union-credit-card-agreement,University Of Kentucky Federal Credit Union,,Credit Card Agreement,false,National,,false,false,"{""0"",""1"",""2"",""3""}",0,true,0.18,0.18,0.1324,0.1074,0.1074,0.1437,0.18,,,,,0.03,,0.18,,,,0.0,0.0,0.01,29.0,"{""Travel-related rewards""}",,"{""Chip card"",""Mobile wallet provisioning (for example, Apple Pay)""}",https://www.ukfcu.org,2025-12-31
usaa-federal-savings-bank-usaa-eagle-navigator,Usaa Federal Savings Bank,,USAA Eagle Navigator,true,National,,true,false,"{""0"",""1"",""2"",""3""}",0,true,0.269,0.269,0.269,0.1865,0.1865,0.2465,0.269,,,,,0.05,,,0.05,,25.0,95.0,0.0,0.0,25.0,"{""Other rewards""}",Reward points.,"{""Contactless Payments"",""Chip card"",""Fee-free foreign transactions"",""Mobile wallet provisioning (for example, Apple Pay)""}",https://www.usaa.com,2025-12-31
usaa-federal-savings-bank-usaa-rewards-visa-signature-card,Usaa Federal Savings Bank,,USAA Rewards Visa Signature Card,true,National,,true,false,"{""0"",""1"",""2"",""3""}",0,true,0.2465,0.2765,0.2465,0.1965,0.1365,0.2465,0.2765,0.0,15.0,0.0,15.0,0.05,,,0.05,,25.0,0.0,0.0,0.0,25.0,"{""Other rewards""}",Reward points,"{""Contactless Payments"",""Chip card"",""Fee-free foreign transactions"",""Mobile wallet provisioning (for example, Apple Pay)""}",https://www.usaa.com,2025-12-31
usaa-federal-savings-bank-usaa-rewards-american-express-card,Usaa Federal Savings Bank,,USAA Rewards American Express Card,true,National,,true,false,"{""0"",""1"",""2"",""3""}",0,true,0.2465,0.2765,0.2465,0.1965,0.1365,0.2465,0.2765,0.0,15.0,0.0,15.0,0.05,,,0.05,,25.0,0.0,0.0,0.0,25.0,"{""Other rewards""}",Reward points,"{""Contactless Payments"",""Chip card"",""Fee-free foreign transactions"",""Mobile wallet provisioning (for example, Apple Pay)""}",https://www.usaa.com,2025-12-31
usaa-federal-savings-bank-usaa-secured-american-express-card,Usaa Federal Savings Bank,,USAA Secured American Express Card,true,National,,true,true,"{""0"",""1"",""2"",""3""}",0,true,,,,,0.2665,0.2665,0.2665,,,,,0.05,,0.2665,0.05,,25.0,0.0,0.0,0.0,25.0,{},,"{""Contactless Payments"",""Chip card"",""Fee-free foreign transactions"",""Mobile wallet provisioning (for example, Apple Pay)""}",https://www.usaa.com,2025-12-31
usaa-federal-savings-bank-usaa-secured-visa-platinum-card,Usaa Federal Savings Bank,,USAA Secured Visa Platinum Card,true,National,,true,true,"{""0"",""1"",""2"",""3""}",0,true,,,,,0.2665,0.2665,0.2665,,,,,0.05,,0.2665,0.05,,25.0,0.0,0.0,0.0,25.0,{},,"{""Contactless Payments"",""Chip card"",""Fee-free foreign transactions"",""Mobile wallet provisioning (for example, Apple Pay)""}",https://www.usaa.com,2025-12-31
usaa-federal-savings-bank-usaa-rate-advantage-card,Usaa Federal Savings Bank,,USAA Rate Advantage Card,true,National,,true,false,"{""0"",""1"",""2"",""3""}",0,true,0.2365,0.2465,0.2365,0.1765,0.1065,0.2365,0.2465,0.0,15.0,0.0,15.0,0.05,,,0.05,,25.0,0.0,0.0,0.0,25.0,{},,"{""Contactless Payments"",""Chip card"",""Fee-free foreign transactions"",""Mobile wallet provisioning (for example, Apple Pay)""}",https://www.usaa.com,2025-12-31
usaa-federal-savings-bank-usaa-cashback-rewards,Usaa Federal Savings Bank,,USAA Cashback Rewards,true,National,,true,false,"{""0"",""1"",""2"",""3""}",0,true,0.2665,0.2765,0.2665,0.2165,0.1565,0.2465,0.2765,0.0,15.0,0.0,15.0,0.05,,,0.05,,25.0,0.0,0.0,0.0,25.0,"{""Cashback rewards""}",,"{""Contactless Payments"",""Chip card"",""Fee-free foreign transactions"",""Mobile wallet provisioning (for example, Apple Pay)""}",https://www.usaa.com,2025-12-31
usaa-federal-savings-bank-usaa-preferred-cash-rewards,Usaa Federal Savings Bank,,USAA Preferred Cash Rewards,true,National,,true,false,"{""0"",""1"",""2"",""3""}",0,true,0.2665,0.2765,0.2665,0.2165,0.1565,0.2465,0.2765,0.0,15.0,0.0,15.0,0.05,,,0.05,,25.0,0.0,0.0,0.0,25.0,"{""Cashback rewards""}",,"{""Contactless Payments"",""Chip card"",""Fee-free foreign transactions"",""Mobile wallet provisioning (for example, Apple Pay)""}",https://www.usaa.com,2025-12-31
usf-federal-credit-union-visa-platinum-rewards,Usf Federal Credit Union,,Visa Platinum Rewards,false,National,,true,false,"{""0"",""1"",""2"",""3""}",0,true,0.1799,0.1799,0.1799,0.1549,0.1299,0.1549,0.1799,,,,,,,,0.02,10.0,25.0,0.0,0.0,0.01,27.0,"{""Cashback rewards"",""Travel-related rewards"",""Other rewards""}",Merchandise,"{""Contactless Payments"",""Chip card"",""Mobile wallet provisioning (for example, Apple Pay)"",""Other""}",https://www.usfcu.com,2025-12-31
usf-federal-credit-union-visa-signature-rewards,Usf Federal Credit Union,,Visa Signature Rewards,false,National,,true,false,"{""0"",""1"",""2"",""3""}",0,true,0.1799,0.1799,0.1799,0.1549,0.1299,0.1549,0.1799,,,,,,,,0.02,10.0,25.0,0.0,0.0,0.01,27.0,"{""Cashback rewards"",""Travel-related rewards"",""Other rewards""}",Merchandise,"{""Contactless Payments"",""Chip card"",""Mobile wallet provisioning (for example, Apple Pay)"",""Other""}",https://www.usfcu.com,2025-12-31
usf-federal-credit-union-visa-traditional,Usf Federal Credit Union,,Visa Traditional,false,National,,true,false,"{""0"",""1"",""2"",""3""}",0,true,0.1799,0.1799,0.1799,0.1449,0.1199,0.1499,0.1799,,,0.0299,12.0,,,,0.02,10.0,25.0,0.0,0.0,0.01,27.0,{},,"{""Contactless Payments"",""Chip card"",""Mobile wallet provisioning (for example, Apple Pay)""}",https://www.usfcu.com,2025-12-31
valley-strong-credit-union-platinum-credit-card,Valley Strong Credit Union,,Platinum Credit Card,false,National,,true,false,"{""1"",""2"",""3""}",1,true,,0.179,0.1675,0.1275,0.1275,0.1675,0.179,,,,,,,,0.02,,21.0,0.0,0.0,0.01,,{},,"{""Contactless Payments"",""Chip card"",""Mobile wallet provisioning (for example, Apple Pay)"",""Other""}",https://www.valleystrong.com,2025-12-31
vantage-credit-union-mastercard-platinum,Vantage Credit Union,,Mastercard Platinum,false,Regional,,true,false,"{""2"",""3""}",2,true,0.1949,0.1949,0.1599,0.1299,0.1249,0.1474,0.1949,,6.0,,,,,,,,21.0,0.0,0.0,0.01,,{},,"{""Contactless Payments"",""Chip card"",""Mobile wallet provisioning (for example, Apple Pay)"",""Other""}",https://www.vcu.com,2025-12-31
wave-federal-credit-union-visa-platinum,Wave Federal Credit Union,,Visa Platinum,false,Regional,,true,false,"{""0"",""1"",""2"",""3""}",0,false,,,,,0.1199,0.1199,0.1199,,,,,,,0.1199,,,25.0,0.0,0.0,0.0,20.0,{},,"{""Chip card""}",https://www.wavefcu.org,2025-12-31
webbank-avant-credit-card,Webbank,,Avant Credit Card,false,National,,false,false,"{""1"",""2""}",1,false,,,,,0.2999,0.3299,0.3599,,,,,,,0.3299,0.03,,30.0,39.0,0.0,0.0,28.0,"{""Cashback rewards""}",,"{""Contactless Payments"",""Chip card"",""Fee-free foreign transactions"",""Mobile wallet provisioning (for example, Apple Pay)""}",https://support.avant.com/article/234-how-can-i-contact-avant,2025-12-31
wells-fargo-bank-wells-fargo-advisors-by-invitation-visa-signature-card,"Wells Fargo Bank, National Association",WELLS_FARGO,Wells Fargo Advisors by Invitation Visa Signature Card,true,National,,true,false,"{""2"",""3""}",2,true,,,,,0.1599,0.1599,0.1599,,,,,,,0.2749,,,25.0,0.0,0.0,0.0,,"{""Cashback rewards"",""Travel-related rewards"",""Other rewards""}","PPay with Rewards through PayPal
Redeem for Gift Cards
Redeem for Statement Credits
Redeem for Purchases
Redeem for Travel
Points Transfers to Partners","{""Contactless Payments"",""Chip card"",""Fee-free foreign transactions"",""Mobile wallet provisioning (for example, Apple Pay)"",""Other""}",https://www.wellsfargo.com/credit-cards/new-wfa-signature-card/terms/,2025-12-31
wells-fargo-bank-choice-privileges-select-mastercard,"Wells Fargo Bank, National Association",WELLS_FARGO,Choice Privileges Select Mastercard,true,National,,false,false,"{""2"",""3""}",2,true,,0.2849,0.2849,0.2849,0.1924,0.2849,0.2849,,,,,,,0.2949,,,25.0,95.0,0.0,0.0,,"{""Travel-related rewards"",""Other rewards""}","Choice Privileges Reward Nights
Points Plus Cash Program
Preferred Hotel Group
Airline and Loyalty Program Rewards Redemption
Redeem for Gift Cards
Rewards Gift Vouchers
Magazine Subscriptions","{""Chip card"",""Fee-free foreign transactions"",""Mobile wallet provisioning (for example, Apple Pay)""}",https://www.wellsfargo.com/credit-cards/agreements,2025-12-31
wells-fargo-bank-choice-privileges-mastercard,"Wells Fargo Bank, National Association",WELLS_FARGO,Choice Privileges Mastercard,true,National,,false,false,"{""2"",""3""}",2,true,,0.2849,0.2849,0.2849,0.1924,0.2849,0.2849,,,,,,,0.2949,,,25.0,0.0,0.0,0.0,,"{""Travel-related rewards"",""Other rewards""}","Choice Privileges Reward Nights
Points Plus Cash Program
Preferred Hotel Group
Airline and Loyalty Program Rewards Redemption
Redeem for Gift Cards
Rewards Gift Vouchers
Magazine Subscriptions","{""Chip card"",""Fee-free foreign transactions"",""Mobile wallet provisioning (for example, Apple Pay)""}",https://www.wellsfargo.com/credit-cards/agreements,2025-12-31
wells-fargo-bank-wells-fargo-autograph-journey-card,"Wells Fargo Bank, National Association",WELLS_FARGO,Wells Fargo Autograph Journey Card,true,National,,false,false,"{""2"",""3""}",2,true,,0.2849,0.2849,0.2849,0.1949,0.2849,0.2849,,,,,,,0.2949,,,25.0,95.0,0.0,0.0,,"{""Cashback rewards"",""Travel-related rewards"",""Other rewards""}","Pay with Rewards through PayPal
Redeem for Gift Cards
Redeem for Statement Credits
Redeem for Purchases
Redeem for Travel
Points Transfers to Partners","{""Contactless Payments"",""Chip card"",""Fee-free foreign transactions"",""Mobile wallet provisioning (for example, Apple Pay)"",""Other""}",https://www.wellsfargo.com/credit-cards/agreements,2025-12-31
wells-fargo-bank-wells-fargo-attune-world-elite-mastercard,"Wells Fargo Bank, National Association",WELLS_FARGO,Wells Fargo Attune World Elite Mastercard,true,National,,false,false,"{""2"",""3""}",2,true,,0.2849,0.2849,0.2849,0.1849,0.2849,0.2849,0.0,13.0,,,,,0.2949,,,25.0,0.0,0.0,0.03,,"{""Cashback rewards""}",,"{""Contactless Payments"",""Chip card"",""Mobile wallet provisioning (for example, Apple Pay)"",""Other""}",https://www.wellsfargo.com/credit-cards/agreements,2025-12-31
wells-fargo-bank-one-key-card-mastercard-world-elite,"Wells Fargo Bank, National Association",WELLS_FARGO,One Key Card Mastercard World Elite,true,National,,false,false,"{""2"",""3""}",2,true,,0.2849,0.2849,0.2849,0.1849,0.2849,0.2849,,,,,,,0.2849,,,25.0,0.0,0.0,0.0,,"{""Travel-related rewards"",""Other rewards""}","Redeem OneKeyCash for eligible booking purchases on Expedia, Hotels.com, and Vrbo","{""Contactless Payments"",""Chip card"",""Fee-free foreign transactions"",""Mobile wallet provisioning (for example, Apple Pay)"",""Other""}",https://www.wellsfargo.com/credit-cards/agreements,2025-12-31
wells-fargo-bank-one-key-mastercard,"Wells Fargo Bank, National Association",WELLS_FARGO,One Key+ Mastercard,true,National,,false,false,"{""2"",""3""}",2,true,,0.2849,0.2849,0.2849,0.1849,0.2849,0.2849,,,,,,,0.2849,,,25.0,99.0,0.0,0.0,,"{""Travel-related rewards"",""Other rewards""}","Redeem OneKeyCash for eligible booking purchases on Expedia, Hotels.com, and Vrbo","{""Contactless Payments"",""Chip card"",""Fee-free foreign transactions"",""Mobile wallet provisioning (for example, Apple Pay)"",""Other""}",https://www.wellsfargo.com/credit-cards/agreements,2025-12-31
wells-fargo-bank-wells-fargo-reflect-card,"Wells Fargo Bank, National Association",WELLS_FARGO,Wells Fargo Reflect Card,true,National,,false,false,"{""2"",""3""}",2,true,,0.2824,0.2824,0.2399,0.1649,0.2824,0.2824,0.0,22.0,0.0,22.0,,,0.2949,,,25.0,0.0,0.0,0.03,,{},,"{""Contactless Payments"",""Chip card"",""Mobile wallet provisioning (for example, Apple Pay)"",""Other""}",https://www.wellsfargo.com/credit-cards/agreements,2025-12-31
wells-fargo-bank-wells-fargo-active-cash-card,"Wells Fargo Bank, National Association",WELLS_FARGO,Wells Fargo Active Cash Card,true,National,,false,false,"{""2"",""3""}",2,true,,0.2849,0.2849,0.2449,0.1849,0.2849,0.2849,0.0,13.0,0.0,13.0,,,0.2949,,,25.0,0.0,0.0,0.03,,"{""Cashback rewards"",""Travel-related rewards"",""Other rewards""}","Pay with Rewards through PayPal
Redeem for Gift Cards
Redeem for Statement Credits
Redeem for Purchases
Redeem for Travel","{""Contactless Payments"",""Chip card"",""Mobile wallet provisioning (for example, Apple Pay)"",""Other""}",https://www.wellsfargo.com/credit-cards/agreements,2025-12-31
wells-fargo-bank-the-private-bank-by-invitation-visa-signature-card,"Wells Fargo Bank, National Association",WELLS_FARGO,The Private Bank by Invitation Visa Signature Card,true,National,,true,false,"{""2"",""3""}",2,true,,,,,0.1599,0.1599,0.1599,,,,,,,0.2749,,,25.0,0.0,0.0,0.0,,"{""Cashback rewards"",""Travel-related rewards"",""Other rewards""}","Pay with Rewards through PayPal
Redeem for Gift Cards
Redeem for Statement Credits
Redeem for Purchases
Redeem for Travel
Points Transfers to Partners","{""Contactless Payments"",""Chip card"",""Fee-free foreign transactions"",""Mobile wallet provisioning (for example, Apple Pay)"",""Other""}",https://www.wellsfargo.com/credit-cards/the-private-bank-by-invitation-visa-signature/terms/,2025-12-31
wells-fargo-bank-wells-fargo-autograph-card,"Wells Fargo Bank, National Association",WELLS_FARGO,Wells Fargo Autograph Card,true,National,,false,false,"{""2"",""3""}",2,true,,0.2849,0.2849,0.2449,0.1849,0.2849,0.2849,0.0,13.0,,,,,0.2949,,,25.0,0.0,0.0,0.0,,"{""Cashback rewards"",""Travel-related rewards"",""Other rewards""}","Pay with Rewards through PayPal
Redeem for Gift Cards
Redeem for Statement Credits
Redeem for Purchases
Redeem for Travel
Points Transfers to Partners","{""Contactless Payments"",""Chip card"",""Fee-free foreign transactions"",""Mobile wallet provisioning (for example, Apple Pay)"",""Other""}",https://www.wellsfargo.com/credit-cards/agreements,2025-12-31
westmark-credit-union-visa-rewards,Westmark Credit Union,,Visa Rewards,false,One State/Territory,ID,false,false,"{""1"",""2"",""3""}",1,true,,0.2024,0.1824,0.1624,0.1624,0.1824,0.2024,,,,,,,0.1799,,,27.0,0.0,0.0,0.01,,"{""Other rewards""}",Dreampoints Rewards,"{""Contactless Payments"",""Chip card"",""Mobile wallet provisioning (for example, Apple Pay)""}",https://www.westmark.org/loans/card-services.shtml,2025-12-31
westmark-credit-union-visa-platinum,Westmark Credit Union,,Visa Platinum,false,One State/Territory,ID,false,false,"{""1"",""2"",""3""}",1,true,,0.1475,0.1275,0.1075,0.1075,0.1275,0.1475,,,0.0299,6.0,,,0.1799,,,27.0,0.0,0.0,0.01,,{},,"{""Contactless Payments"",""Chip card"",""Mobile wallet provisioning (for example, Apple Pay)""}",https://www.westmark.org/loans/card-services.shtml,2025-12-31
westmark-credit-union-visa-cash-rewards,Westmark Credit Union,,Visa Cash Rewards,false,One State/Territory,ID,false,false,"{""1"",""2"",""3""}",1,true,,0.1875,0.1675,0.1475,0.1475,0.1675,0.1875,,,,,,,0.1799,,,27.0,0.0,0.0,0.01,,"{""Cashback rewards""}",,"{""Contactless Payments"",""Chip card"",""Mobile wallet provisioning (for example, Apple Pay)""}",https://www.westmark.org/loans/card-services.shtml,2025-12-31
weststar-credit-union-mastercard-platinum-rewards,Weststar Credit Union,,MasterCard Platinum Rewards,false,One State/Territory,AA,false,false,"{""1"",""2"",""3""}",1,true,,0.1799,0.1624,0.1124,0.1124,0.1224,0.1799,,3.0,,3.0,,,,,,5.0,0.0,0.0,0.01,25.0,"{""Other rewards""}",Rewards Points,"{""Contactless Payments"",""Chip card""}",,2025-12-31
whatcom-educational-credit-union-launch-visa,Whatcom Educational Credit Union,,Launch Visa,false,National,,false,false,"{""2""}",2,true,0.1724,0.2124,0.1724,0.1424,0.1424,0.1724,0.2124,,,,,,,,,,25.0,0.0,0.0,0.0,,"{""Cashback rewards"",""Travel-related rewards"",""Other rewards""}","Cardholder can purchase gift cards, merchandise, experiences, and make donations to charities and pay with points at select merchants.","{""Contactless Payments"",""Chip card"",""Fee-free foreign transactions"",""Mobile wallet provisioning (for example, Apple Pay)""}",https://wecu.com,2025-12-31
wyhy-federal-credit-union-wyhy-visa-secured,Wyhy Federal Credit Union,,WyHy Visa Secured,false,One State/Territory,WY,false,true,"{""0"",""1""}",0,false,0.18,0.18,,,0.18,0.18,0.18,,,0.0,12.0,0.03,,0.18,0.03,10.0,30.0,0.0,0.0,0.01,25.0,{},,"{""Contactless Payments"",""Chip card"",""Mobile wallet provisioning (for example, Apple Pay)""}",https://www.wyhy.org,2025-12-31
wyhy-federal-credit-union-wyhy-visa-platinum,Wyhy Federal Credit Union,,WyHy Visa Platinum,false,One State/Territory,WY,false,false,"{""2"",""3""}",2,true,,,0.1456,0.124,0.119,0.139,0.169,,,0.0,12.0,0.03,,,0.03,10.0,30.0,0.0,0.0,0.01,25.0,{},,"{""Contactless Payments"",""Chip card"",""Mobile wallet provisioning (for example, Apple Pay)""}",https://www.wyhy.org,2025-12-31
wyhy-federal-credit-union-platinum-cash-rewards,Wyhy Federal Credit Union,,Platinum Cash+ Rewards,false,One State/Territory,WY,false,false,"{""2"",""3""}",2,true,,,0.1531,0.134,0.129,0.1471,0.1715,,,0.0,12.0,0.03,,,0.03,10.0,30.0,0.0,0.0,0.01,25.0,"{""Cashback rewards"",""Travel-related rewards"",""Other rewards""}",Merchandise,"{""Contactless Payments"",""Chip card"",""Mobile wallet provisioning (for example, Apple Pay)""}",https://www.wyhy.org,2025-12-31
